-- MySQL dump 10.13  Distrib 8.0.23, for Linux (x86_64)
--
-- Host: localhost    Database: coursework
-- ------------------------------------------------------
-- Server version	8.0.23-0ubuntu0.20.10.1

/*!40101 SET @OLD_CHARACTER_SET_CLIENT=@@CHARACTER_SET_CLIENT */;
/*!40101 SET @OLD_CHARACTER_SET_RESULTS=@@CHARACTER_SET_RESULTS */;
/*!40101 SET @OLD_COLLATION_CONNECTION=@@COLLATION_CONNECTION */;
/*!50503 SET NAMES utf8mb4 */;
/*!40103 SET @OLD_TIME_ZONE=@@TIME_ZONE */;
/*!40103 SET TIME_ZONE='+00:00' */;
/*!40014 SET @OLD_UNIQUE_CHECKS=@@UNIQUE_CHECKS, UNIQUE_CHECKS=0 */;
/*!40014 SET @OLD_FOREIGN_KEY_CHECKS=@@FOREIGN_KEY_CHECKS, FOREIGN_KEY_CHECKS=0 */;
/*!40101 SET @OLD_SQL_MODE=@@SQL_MODE, SQL_MODE='NO_AUTO_VALUE_ON_ZERO' */;
/*!40111 SET @OLD_SQL_NOTES=@@SQL_NOTES, SQL_NOTES=0 */;

--
-- Table structure for table `actions`
--

DROP TABLE IF EXISTS `actions`;
/*!40101 SET @saved_cs_client     = @@character_set_client */;
/*!50503 SET character_set_client = utf8mb4 */;
CREATE TABLE `actions` (
  `id` int unsigned NOT NULL AUTO_INCREMENT COMMENT 'Идентификатор акции',
  `product_id` bigint unsigned NOT NULL COMMENT 'Идентификатор товара',
  `head` varchar(255) CHARACTER SET utf8mb4 COLLATE utf8mb4_unicode_ci DEFAULT NULL COMMENT 'Заголовок акции',
  `body` text CHARACTER SET utf8mb4 COLLATE utf8mb4_unicode_ci NOT NULL COMMENT 'Тело акции',
  `percentage` tinyint unsigned DEFAULT NULL COMMENT 'Процент скидки',
  `product_id_gift` bigint unsigned DEFAULT NULL COMMENT 'Идентификатор товара подарка',
  `price_reduction` int unsigned DEFAULT NULL COMMENT 'Сумма скидки',
  `activated_at` datetime DEFAULT CURRENT_TIMESTAMP COMMENT 'Время активации акции',
  `finished_at` datetime DEFAULT NULL COMMENT 'Время окончания акции',
  PRIMARY KEY (`id`),
  KEY `actions_fk_product_id` (`product_id`),
  KEY `actions_fk_product_id_gift` (`product_id_gift`),
  CONSTRAINT `actions_fk_product_id` FOREIGN KEY (`product_id`) REFERENCES `products` (`id`),
  CONSTRAINT `actions_fk_product_id_gift` FOREIGN KEY (`product_id_gift`) REFERENCES `products` (`id`)
) ENGINE=InnoDB AUTO_INCREMENT=21 DEFAULT CHARSET=utf8mb4 COLLATE=utf8mb4_unicode_ci COMMENT='Акции';
/*!40101 SET character_set_client = @saved_cs_client */;

--
-- Dumping data for table `actions`
--

LOCK TABLES `actions` WRITE;
/*!40000 ALTER TABLE `actions` DISABLE KEYS */;
INSERT INTO `actions` VALUES (1,39,'Doloribus velit esse deserunt ducimus voluptatem culpa et.','Earum quia rerum sit repellendus consectetur officia. Id iure iure enim expedita non. Aliquam fugit molestiae incidunt rerum et ipsam.',8,1,0,'1998-03-02 23:00:54','2001-04-02 23:00:54'),(2,87,'Distinctio fugit inventore esse necessitatibus.','Fugit aut beatae accusantium laboriosam illum fugiat natus ea. Error distinctio quo hic nihil neque. Perspiciatis tempore eos praesentium sint. Natus reiciendis quo ut nesciunt aut. Odio dolorem similique sequi autem.',6,2,0,'2000-01-03 05:54:06','2003-02-03 05:54:06'),(3,19,'Rem sit sed aut atque nemo ipsa.','Culpa deserunt eveniet voluptates qui quas rerum. Nemo aut aspernatur sed voluptatem magnam consequatur. Quis rerum facere voluptatibus quisquam libero voluptatem quidem.',9,3,0,'1986-02-06 11:26:36','1989-03-06 11:26:36'),(4,32,'Eligendi excepturi minus neque optio quae animi.','Et sequi consequatur harum qui tempore asperiores hic qui. Qui quas modi perspiciatis temporibus. Ut sit et in optio ipsam et voluptatem.',9,4,0,'1992-08-16 22:37:15','1995-09-16 22:37:15'),(5,1,'Aut hic beatae perspiciatis voluptas dolorem.','Natus consectetur tenetur est id sint voluptatem incidunt. Nisi sit et accusamus soluta molestias laudantium voluptates. Dolorem molestiae est voluptas rerum eaque et aperiam dolorem.',6,5,0,'1977-04-15 09:28:20','1980-05-15 09:28:20'),(6,11,'Mollitia odio dolores quod quo.','Sed quia consequatur consequuntur iusto. Culpa nisi unde impedit rerum porro exercitationem dicta. Et maiores quo et provident consectetur rerum. Tenetur non blanditiis voluptas. Adipisci incidunt tenetur possimus voluptatibus et doloribus autem.',6,6,0,'2013-02-02 13:21:41','2016-03-02 13:21:41'),(7,50,'Non dolores aut quam deserunt dolor.','Veniam accusamus rerum accusantium sed. Et quis beatae provident ea. Exercitationem voluptate accusantium perspiciatis molestiae aperiam.',5,7,0,'1998-05-02 12:37:19','2001-06-02 12:37:19'),(8,19,'Ullam sed accusantium et cum et.','Tempore ab ad repudiandae quisquam maxime. Explicabo ut minima natus asperiores. Ab at quisquam explicabo amet. Earum animi nostrum in animi at excepturi magnam.',8,8,0,'1997-01-15 22:39:03','2000-02-15 22:39:03'),(9,43,'Velit aut iusto voluptas necessitatibus et quis.','Optio omnis et vel et. Veniam ut nostrum magni ullam. Omnis veritatis consequatur qui repellat ullam fugit. Deserunt consequatur voluptatem explicabo recusandae quia.',8,9,0,'2002-09-11 12:49:25','2005-10-11 12:49:25'),(10,59,'Qui quibusdam rerum culpa aliquid voluptatibus saepe.','Saepe in provident voluptatum optio dolorem. Eveniet rerum quam ad animi cupiditate. Distinctio earum quo non aliquam voluptas quaerat. Corporis sit quia et reiciendis reiciendis minus vel. Et ipsa dolores repudiandae et sit ipsa fugit.',8,10,0,'2013-10-13 01:11:05','2016-11-13 01:11:05'),(11,65,'A odio et cum et.','Exercitationem dignissimos est fugiat labore consectetur necessitatibus sit. Quisquam distinctio voluptates aperiam laborum assumenda. Consequatur delectus itaque consequatur ut dolor. Sapiente praesentium nesciunt eum dolores minus. Eligendi et occaecati ut iure voluptatem labore.',8,11,0,'1971-03-02 17:27:59','1974-04-02 17:27:59'),(12,50,'Veritatis tempore magnam voluptates sunt eveniet.','Minus soluta placeat quia facilis ducimus reprehenderit impedit alias. Et asperiores odit illo dolor non eligendi. Deserunt aut assumenda earum sint tenetur aliquam est vitae. Sed aut dolor molestias dicta molestiae quia rerum.',5,12,1108,'1986-06-05 22:10:16','1989-07-05 22:10:16'),(13,56,'Ipsum soluta nulla et suscipit.','Omnis iure quam repellat inventore. Autem maiores ut distinctio. Sunt velit ut omnis tenetur minus libero.',7,13,104,'1987-04-17 19:49:13','1990-05-17 19:49:13'),(14,27,'Repellendus molestiae omnis commodi repellat vel consectetur et.','Sit accusantium ipsa laboriosam est vel enim. Earum aut aut reprehenderit accusamus nesciunt quae. Doloribus laborum minima mollitia quis quas aut quia.',9,14,0,'2019-08-23 09:55:00','2022-09-23 09:55:00'),(15,68,'Et quia eligendi exercitationem voluptates accusantium.','Maiores est ut voluptas illo reprehenderit quia accusamus. Provident odio similique similique reprehenderit. Explicabo tempore magnam repellendus maiores maxime. Distinctio vel quos voluptatem quos.',4,15,76,'2015-12-23 07:20:09','2019-01-23 07:20:09'),(16,62,'Voluptatem iure sed aliquid possimus perspiciatis.','Harum qui sapiente quod nam et sunt. Dignissimos veritatis libero aut aut asperiores dolorem quam. A error et aperiam dolores culpa debitis delectus molestiae. Nemo fuga illum iste deserunt quia ut ut cupiditate.',1,16,0,'1975-06-26 10:36:31','1978-07-26 10:36:31'),(17,5,'Sed qui ipsum a consequuntur dolor.','Sapiente ad amet et deserunt unde. Eius asperiores aliquam voluptatem porro voluptatum.',9,17,0,'1993-03-15 05:58:19','1996-04-15 05:58:19'),(18,35,'Ex aut aut illum eveniet.','Laborum beatae nihil reprehenderit praesentium. Odio officiis cumque vero sequi. Quo eum illum neque nihil. Omnis consectetur ducimus vel quos sint iusto.',9,18,0,'2018-07-06 11:44:50','2021-08-06 11:44:50'),(19,63,'Tenetur ipsum nobis iste porro aperiam magnam.','Cum officia quo rerum. Modi cupiditate sunt est omnis voluptas. Eligendi quae sed quasi molestias est illo.',5,19,0,'1996-09-25 10:54:45','1999-10-25 10:54:45'),(20,12,'Ut quo aperiam sed velit quas.','Saepe saepe aliquam officiis. Necessitatibus quo quasi sequi asperiores est dolore autem. Minima beatae tempore et a ratione et. Vel qui quidem dolorem quasi officiis libero nesciunt.',4,20,0,'2007-08-16 22:18:22','2010-09-16 22:18:22');
/*!40000 ALTER TABLE `actions` ENABLE KEYS */;
UNLOCK TABLES;
/*!50003 SET @saved_cs_client      = @@character_set_client */ ;
/*!50003 SET @saved_cs_results     = @@character_set_results */ ;
/*!50003 SET @saved_col_connection = @@collation_connection */ ;
/*!50003 SET character_set_client  = utf8mb4 */ ;
/*!50003 SET character_set_results = utf8mb4 */ ;
/*!50003 SET collation_connection  = utf8mb4_0900_ai_ci */ ;
/*!50003 SET @saved_sql_mode       = @@sql_mode */ ;
/*!50003 SET sql_mode              = 'ONLY_FULL_GROUP_BY,STRICT_TRANS_TABLES,NO_ZERO_IN_DATE,NO_ZERO_DATE,ERROR_FOR_DIVISION_BY_ZERO,NO_ENGINE_SUBSTITUTION' */ ;
DELIMITER ;;
/*!50003 CREATE*/ /*!50017 DEFINER=`user`@`%`*/ /*!50003 TRIGGER `validate_activated_finished_at_insert` BEFORE INSERT ON `actions` FOR EACH ROW BEGIN
  IF NEW.activated_at = NEW.finished_at THEN
    SIGNAL SQLSTATE '45000'
    SET MESSAGE_TEXT = 'Cannot INSERT if activated_at = finished_at';
  END IF;
END */;;
DELIMITER ;
/*!50003 SET sql_mode              = @saved_sql_mode */ ;
/*!50003 SET character_set_client  = @saved_cs_client */ ;
/*!50003 SET character_set_results = @saved_cs_results */ ;
/*!50003 SET collation_connection  = @saved_col_connection */ ;
/*!50003 SET @saved_cs_client      = @@character_set_client */ ;
/*!50003 SET @saved_cs_results     = @@character_set_results */ ;
/*!50003 SET @saved_col_connection = @@collation_connection */ ;
/*!50003 SET character_set_client  = utf8mb4 */ ;
/*!50003 SET character_set_results = utf8mb4 */ ;
/*!50003 SET collation_connection  = utf8mb4_0900_ai_ci */ ;
/*!50003 SET @saved_sql_mode       = @@sql_mode */ ;
/*!50003 SET sql_mode              = 'ONLY_FULL_GROUP_BY,STRICT_TRANS_TABLES,NO_ZERO_IN_DATE,NO_ZERO_DATE,ERROR_FOR_DIVISION_BY_ZERO,NO_ENGINE_SUBSTITUTION' */ ;
DELIMITER ;;
/*!50003 CREATE*/ /*!50017 DEFINER=`user`@`%`*/ /*!50003 TRIGGER `validate_activated_finished_at_update` BEFORE UPDATE ON `actions` FOR EACH ROW BEGIN
  IF NEW.activated_at = NEW.finished_at THEN
    SIGNAL SQLSTATE '45000'
    SET MESSAGE_TEXT = 'Cannot INSERT if activated_at = finished_at';
  END IF;
END */;;
DELIMITER ;
/*!50003 SET sql_mode              = @saved_sql_mode */ ;
/*!50003 SET character_set_client  = @saved_cs_client */ ;
/*!50003 SET character_set_results = @saved_cs_results */ ;
/*!50003 SET collation_connection  = @saved_col_connection */ ;

--
-- Table structure for table `addresses`
--

DROP TABLE IF EXISTS `addresses`;
/*!40101 SET @saved_cs_client     = @@character_set_client */;
/*!50503 SET character_set_client = utf8mb4 */;
CREATE TABLE `addresses` (
  `id` int unsigned NOT NULL AUTO_INCREMENT COMMENT 'Идентификатор адреса',
  `user_id` int unsigned NOT NULL COMMENT 'Ссылка на пользователя',
  `city_id` int unsigned NOT NULL COMMENT 'Ссылка на город',
  `street` varchar(100) CHARACTER SET utf8mb4 COLLATE utf8mb4_unicode_ci NOT NULL COMMENT 'Улица',
  `home` varchar(10) CHARACTER SET utf8mb4 COLLATE utf8mb4_unicode_ci NOT NULL COMMENT 'Дом',
  `corpus` varchar(10) CHARACTER SET utf8mb4 COLLATE utf8mb4_unicode_ci DEFAULT NULL COMMENT 'Корпус',
  `flat` smallint unsigned DEFAULT NULL COMMENT 'Кв/Офис',
  `metro` varchar(100) CHARACTER SET utf8mb4 COLLATE utf8mb4_unicode_ci DEFAULT NULL COMMENT 'Метро',
  `index` mediumint unsigned DEFAULT NULL COMMENT 'Почтовый индекс',
  `phone` varchar(100) CHARACTER SET utf8mb4 COLLATE utf8mb4_unicode_ci DEFAULT NULL COMMENT 'Телефон',
  `other` text CHARACTER SET utf8mb4 COLLATE utf8mb4_unicode_ci COMMENT 'Прочее',
  `created_at` datetime DEFAULT CURRENT_TIMESTAMP COMMENT 'Время создания адреса',
  `updated_at` datetime DEFAULT CURRENT_TIMESTAMP ON UPDATE CURRENT_TIMESTAMP COMMENT 'Время обновления новости',
  PRIMARY KEY (`id`),
  KEY `addresses_fk_user_id` (`user_id`),
  KEY `addresses_fk_city_id` (`city_id`),
  CONSTRAINT `addresses_fk_city_id` FOREIGN KEY (`city_id`) REFERENCES `cities` (`id`),
  CONSTRAINT `addresses_fk_user_id` FOREIGN KEY (`user_id`) REFERENCES `users` (`id`)
) ENGINE=InnoDB AUTO_INCREMENT=101 DEFAULT CHARSET=utf8mb4 COLLATE=utf8mb4_unicode_ci COMMENT='Адрес доставки';
/*!40101 SET character_set_client = @saved_cs_client */;

--
-- Dumping data for table `addresses`
--

LOCK TABLES `addresses` WRITE;
/*!40000 ALTER TABLE `addresses` DISABLE KEYS */;
INSERT INTO `addresses` VALUES (1,34,59,'Dale Passage','098','cupiditate',9,'Augustus Garden',8,'073-904-0122x6520','','1972-01-16 14:19:47','2006-11-12 00:15:34'),(2,36,8,'Mackenzie Port','410','dignissimo',1,'Alden Spring',5,'029-904-2372x889','','2006-12-07 05:56:45','2009-08-22 01:30:34'),(3,76,61,'Pollich Trail','839','omnis',4,'Sawayn Drive',6,'422-646-9450x6053','','1970-10-11 18:45:09','2011-10-06 23:22:38'),(4,75,83,'Beer Island','988','nam',2,'Tyree Cliff',1,'319-039-5696x959','Explicabo eos optio beatae. Quia possimus et in nihil. Quo omnis id voluptates recusandae.','1996-01-28 16:27:01','1996-03-30 21:38:27'),(5,45,35,'Johanna Path','770','corrupti',8,'Lenore Keys',7,'(524)259-4412','Quo a est quo aut totam ut omnis consequatur. Ducimus recusandae veniam quidem. Amet consequatur quisquam itaque temporibus. Eius eum commodi autem nam unde quos a.','1975-12-02 07:47:25','1976-04-06 09:50:20'),(6,2,22,'Kassulke Plain','298','earum',9,'Mack Wells',9,'(771)134-5021','','1973-06-02 00:35:26','1981-01-30 07:07:58'),(7,72,7,'Towne Views','809','voluptatem',7,'Daugherty Curve',8,'1-059-337-1042x881','Doloremque et odit ut ad. Dolor error ea voluptates incidunt maxime quasi reiciendis vel. Unde odit est delectus laudantium quidem et est.','1972-10-16 11:14:57','1981-11-09 23:14:58'),(8,55,67,'Linnie Mills','665','sint',3,'Koelpin Plains',7,'493.708.3440x2432','','1980-10-16 18:19:31','2008-07-10 16:28:50'),(9,61,15,'Kenya Mill','293','cupiditate',8,'Maia Land',6,'07564000510','','1970-11-06 13:02:40','2004-12-16 16:39:33'),(10,39,72,'Georgianna Dale','282','dicta',6,'Montana View',6,'(425)269-8967','Ducimus corrupti quod in officiis quo aut iste. Ut hic itaque autem atque doloribus iste. Porro exercitationem eum rem.','1985-10-07 23:49:25','1990-05-09 05:51:31'),(11,13,19,'Moore Stravenue','328','voluptatem',1,'Terrance Mountains',9,'1-400-390-9155x34638','','1976-01-04 02:32:06','2004-03-14 16:22:20'),(12,45,75,'Emory Place','161','nostrum',9,'Herzog Dam',4,'1-636-758-5693x27882','Est magni cumque et ducimus repellendus repudiandae quam. Quia quos minus quia enim tenetur non sapiente debitis. Dignissimos rerum explicabo iure quasi.','2009-02-07 14:12:39','2018-01-15 01:17:23'),(13,88,19,'McKenzie Highway','214','laboriosam',1,'Bogisich Brooks',8,'(069)851-9811x335','','1972-07-12 19:50:37','2017-07-14 14:33:32'),(14,9,68,'Koelpin Inlet','427','aliquid',2,'Alfonzo Flats',5,'05952053365','Vel molestias voluptates eos velit. Rem excepturi molestias asperiores quia odio repellat ullam. Libero eum voluptatem consectetur. Aut eum quia repudiandae alias sit.','1985-08-02 09:25:47','2021-02-28 16:27:22'),(15,75,86,'Gutmann Extensions','927','accusantiu',8,'Bogisich Radial',3,'533-124-2993x572','Consequatur eligendi rerum voluptate animi. Voluptatem sed dolor in rerum id necessitatibus. Praesentium id vero alias velit aut. Quos voluptatem fugit ducimus.','1987-10-27 12:08:46','1998-02-10 00:53:11'),(16,52,26,'Eva Villages','513','quo',4,'Gaetano Track',9,'663.642.9474','','1986-09-05 14:27:41','2002-05-03 06:22:57'),(17,35,69,'Adam Lane','756','sit',6,'Trantow Crossroad',9,'828-526-8278x9851','','1972-04-03 07:09:31','1982-11-25 22:50:06'),(18,16,71,'Farrell Squares','811','quo',2,'Wiza Rapid',2,'1-591-499-5726x201','','1985-06-30 19:02:08','1991-04-20 16:39:37'),(19,77,46,'Sporer Turnpike','419','eius',8,'Dietrich Mission',3,'1-546-482-3405x3203','Perspiciatis minima quae voluptatibus consequatur illo laboriosam. Dolore rerum rerum qui ut rerum suscipit. Sed odit aut molestiae minima reiciendis.','1996-01-06 09:28:23','2009-08-27 20:04:42'),(20,36,15,'Breitenberg Street','392','error',9,'Bennie Forge',4,'929.903.6003x850','Minima quo maiores eos qui accusamus id. Vero est a suscipit similique quasi. Ullam nobis neque esse repellat doloribus. Sit voluptates possimus aut quod nam occaecati.','1970-04-09 20:44:54','2013-08-05 02:11:19'),(21,48,38,'Balistreri Hills','962','autem',4,'Kerluke Burg',2,'(653)830-0406x284','Eum qui dolorem enim. Est odit rerum sint minus non quis unde. Eum ex atque molestiae quis aut omnis. Aut iusto nesciunt harum rerum voluptates.','1978-12-27 00:51:00','2013-11-17 12:42:16'),(22,34,47,'Royce Ways','169','qui',3,'Quitzon Locks',5,'550.549.5758x2012','','2004-07-04 20:25:40','2007-10-16 04:11:36'),(23,24,20,'Dickinson Mountain','645','placeat',4,'Runolfsdottir Plains',3,'478-741-3407x2941','','1987-07-26 12:59:11','1991-01-10 08:40:58'),(24,19,58,'Quitzon Gardens','688','animi',3,'Cecilia Bridge',3,'1-049-037-8613x5636','Consequatur distinctio sit qui dolorem nulla animi ab ut. Cupiditate quas nobis vitae voluptate velit et.','1971-06-22 02:19:14','1976-09-16 06:58:37'),(25,23,32,'Emilie Field','661','eos',1,'Mabel Glens',2,'511-864-2616x977','Architecto fuga blanditiis aut et placeat. Saepe a deserunt iure pariatur. Alias omnis est quia accusantium omnis. Magni nesciunt maiores quidem officia.','1978-08-01 15:31:06','1996-05-27 07:03:08'),(26,58,82,'Gleichner Lake','022','dolores',4,'Jayde Island',4,'+47(3)5392034897','Vitae magnam autem aspernatur necessitatibus quis. Dolorem aut blanditiis consequatur quasi. Ex mollitia animi vel assumenda qui corrupti. A nihil error veritatis iure odit est quia.','1986-02-28 11:32:30','1990-08-08 02:19:18'),(27,21,19,'Saul Row','946','voluptatem',1,'Levi Plaza',7,'759-056-2206x82883','','1982-08-19 02:34:36','1989-06-04 03:41:19'),(28,32,46,'McDermott Valleys','730','tenetur',1,'Simonis Forest',5,'1-648-351-9648','Odit voluptatum dolorem eaque mollitia voluptatibus voluptatem. Reprehenderit facilis ex voluptatem esse consequuntur similique. Voluptatem aut ut occaecati occaecati.','1975-05-19 00:33:17','1990-06-06 20:29:47'),(29,95,75,'Rylan Spring','395','enim',9,'Monique Crest',4,'1-023-598-3532','Omnis nostrum praesentium consequuntur ut. Et quia voluptas et sed. Qui maiores quidem sed iure.\nQui nulla est est sapiente cupiditate quia et. Laboriosam commodi quidem molestiae excepturi.','1995-02-03 06:29:16','2019-03-01 13:44:56'),(30,81,37,'Cierra Creek','303','veritatis',3,'Raymundo Pines',6,'(259)943-9552x050','','1976-12-04 04:36:17','1984-05-29 19:55:03'),(31,22,60,'Mylene Gardens','468','ea',7,'Jones Rue',5,'1-151-719-4923','Omnis corporis corporis soluta animi sunt ut. Inventore autem occaecati maxime nihil. Officia libero cupiditate aut accusamus quisquam odit inventore.','1991-07-16 09:32:41','2003-07-23 06:50:37'),(32,63,89,'Kristin Branch','418','eos',8,'Jordi Harbors',6,'500.664.1389','','2003-10-27 04:48:44','2015-05-31 04:01:15'),(33,50,65,'Corwin Harbors','799','ipsum',7,'Gerhold Wells',7,'1-166-336-4912','Hic et est qui incidunt qui voluptatem dolores. Eos voluptatem quia provident omnis iste corrupti sed. Et perferendis vel et maxime error nobis. Quidem libero amet enim rerum ad.','1996-12-12 21:27:45','2006-10-08 20:02:43'),(34,62,59,'Anabelle Garden','271','praesentiu',9,'Jerrold Fork',7,'449.928.3808','','1975-12-03 23:52:46','1980-12-07 12:32:52'),(35,61,99,'Aron Fords','201','occaecati',4,'Joey Causeway',9,'1-874-434-5464x303','','1974-10-21 05:06:58','2013-02-02 13:28:08'),(36,20,21,'Thiel Oval','075','ratione',6,'Pfannerstill Dam',3,'711.129.1657x9638','Aliquam sit voluptas amet. Voluptas deserunt in laborum repudiandae rerum delectus. Est voluptas veniam ex cumque natus voluptates vel expedita. Optio sed nihil consequatur accusantium ut magnam aut.','1999-09-21 00:18:57','2011-05-17 16:45:51'),(37,14,6,'Caterina Ports','517','facilis',2,'Abigale Keys',9,'(930)876-5081','Nobis nostrum assumenda nobis quia dolorem. Quod dolor accusamus iure odio sed. Et corporis recusandae autem est.','1975-02-15 02:02:50','1988-04-08 18:46:24'),(38,8,66,'OHara Pine','644','id',9,'Yvonne Orchard',2,'+92(6)2945804639','','1989-10-16 00:45:51','2018-08-02 08:10:40'),(39,98,14,'Justus Courts','577','est',3,'Stracke Via',9,'639.229.5251x711','Quos cumque ex omnis sunt aut occaecati sit. Corrupti reiciendis ipsum molestias quia quisquam unde suscipit dolores. Ullam voluptatem molestias ab aliquid hic sunt deserunt reiciendis.','1990-02-20 23:46:10','1997-02-03 18:43:08'),(40,68,67,'Waelchi Meadows','630','odio',5,'Henriette Island',8,'941.572.7670','','1982-08-27 20:42:40','1987-06-15 08:48:43'),(41,47,98,'Verna Corners','171','molestias',8,'Ritchie Courts',2,'(874)776-0969x7001','Nostrum saepe aperiam nesciunt blanditiis quia aut. Vitae et at sunt culpa et adipisci unde.','1987-06-09 16:21:59','1999-08-14 18:23:48'),(42,32,90,'Marietta Land','241','hic',6,'Ali Ways',9,'714-173-6014','','1970-09-16 05:11:51','2008-07-10 00:14:39'),(43,16,57,'Stacy Ridges','534','rerum',1,'Quigley Shore',2,'184-446-0600','Quia ut voluptatem adipisci veritatis unde accusantium necessitatibus. Minus eos qui corporis est laboriosam.','1996-05-28 21:29:20','2019-08-10 11:24:07'),(44,84,12,'Mollie Square','228','omnis',2,'Trudie Hill',7,'+10(0)7071529807','Voluptas eos odio velit pariatur a quisquam. Expedita pariatur debitis sit. Exercitationem sint quasi quis non neque aut.','1977-10-09 20:26:49','2014-12-23 15:56:41'),(45,73,87,'Oceane Inlet','613','tenetur',9,'Larson Stream',5,'372.634.7402x13711','Vel consectetur impedit distinctio quia quia. Aspernatur eum necessitatibus quia in. Unde aspernatur alias et qui.','1993-12-27 00:42:46','2005-11-24 10:04:15'),(46,14,2,'Aliyah Coves','365','ut',3,'Reichert Drives',1,'518-349-5552','Adipisci doloribus est enim hic est non quisquam in. Aut non rerum vitae enim sequi maxime sapiente dolor.','2015-01-24 18:22:51','2016-08-22 12:20:48'),(47,47,47,'Jaylon Causeway','890','amet',8,'Kiehn Turnpike',3,'878-612-9940','','1984-09-11 00:08:51','1988-06-11 03:53:36'),(48,95,31,'Alexanne Centers','690','nisi',4,'Joanie Rapids',9,'(977)459-6578','Aut voluptas omnis natus fugiat eum id eos. Eveniet non odio qui fuga cumque harum. Rerum ut expedita corrupti laudantium.','1989-10-17 22:47:15','2006-09-20 06:47:17'),(49,36,11,'Kovacek Trail','709','dolorem',6,'Delia Manors',8,'(562)555-9827','','1992-07-13 13:46:45','2004-01-17 02:43:57'),(50,95,63,'Tressa Circles','365','voluptatem',2,'Farrell Heights',6,'1-800-135-1231x755','Vero vel ea modi quibusdam beatae id. Quo consequatur esse voluptatem necessitatibus eveniet aut esse. Nihil ea aut ullam et et sed delectus. Dolores illum tempora fuga laboriosam vitae.','1979-08-24 22:07:17','2005-05-12 09:51:12'),(51,66,83,'Estevan Camp','478','et',6,'Lemke Shores',1,'1-674-757-3036','Odit deserunt dolore ea sed et optio. Quae voluptatem consequuntur dolore omnis sint quia sed. Tempora suscipit qui dolores voluptatem.','1976-12-18 05:44:13','2004-02-10 13:31:59'),(52,46,25,'Jaskolski Summit','094','fugiat',4,'Kessler Ports',3,'+62(5)6488731423','Officia est est quia rerum nemo consequuntur. Dicta quasi sit quo deleniti ex est ut et.','2005-05-27 09:32:41','2016-06-19 19:41:37'),(53,31,77,'Ratke Ranch','039','aut',5,'Shanna Valleys',5,'259.364.8700x662','Pariatur soluta quo tempore. Sapiente velit distinctio at. Doloremque consectetur nulla ducimus.','1979-06-16 11:38:17','1982-10-18 23:31:51'),(54,16,11,'Sincere Path','220','incidunt',2,'Johnson Expressway',9,'(714)056-6163','','1981-06-15 20:34:33','1999-10-31 21:16:42'),(55,88,21,'DuBuque Curve','060','ducimus',5,'Olson Plains',5,'(286)031-0515','Odit exercitationem dolor ut. Rem repudiandae doloribus eum est occaecati cumque dignissimos. Quibusdam laudantium aliquid est suscipit facilis nemo.','1975-12-15 23:22:03','2003-03-08 09:36:11'),(56,93,71,'Ethyl Harbors','023','excepturi',9,'Friesen Estates',1,'+72(9)3032129005','Voluptatum adipisci et vel nulla. Perspiciatis blanditiis quia aliquam autem.','1971-03-19 16:52:07','2008-10-05 05:34:26'),(57,4,96,'Corwin Plains','688','et',9,'Deron Port',9,'03348090658','Magni maxime repellendus modi commodi voluptatem aliquam. Dicta et rerum dignissimos aliquid similique quod. Voluptatum enim dolorum nulla sint vel. Quibusdam ad harum optio.','2004-04-04 03:46:04','2020-09-02 08:19:08'),(58,37,66,'Dariana Spur','832','dolorem',2,'Megane Spur',9,'(423)878-2963x73136','','1982-11-25 22:01:27','1983-02-18 07:15:50'),(59,71,43,'Beatty Bridge','165','ut',9,'Mante Park',5,'822-300-1773','','1982-09-17 14:55:41','1988-10-04 13:19:58'),(60,47,15,'Little Mill','269','adipisci',4,'Sauer Overpass',9,'438-963-7641x4540','','1979-09-04 07:49:59','2018-07-08 03:42:13'),(61,23,44,'Dickens Corners','847','quae',3,'Stark Place',4,'441-843-2721','Eveniet et perspiciatis dolor rem voluptates eos. Necessitatibus aut quia et omnis excepturi numquam est. Quasi debitis numquam neque autem.','1993-11-29 22:23:26','2015-08-06 18:40:32'),(62,71,77,'Alan Club','066','soluta',6,'Shania Row',2,'(833)174-6832','','1974-08-04 01:25:33','2013-11-23 16:52:23'),(63,86,56,'Andre Bypass','538','officia',3,'Kertzmann Mountain',6,'432.001.9882','','1976-11-26 13:35:47','1998-05-09 15:15:46'),(64,19,46,'Hickle Plains','573','cum',8,'Connelly Circle',1,'415-145-6341x9891','','1980-12-08 10:26:42','1985-10-30 04:38:46'),(65,34,61,'Johns Mountains','700','aut',6,'Bartell Roads',4,'511.059.4961','Vero asperiores et vel. Voluptatem commodi rerum officiis aut. Facilis veniam error rerum est nihil tempora quo.','1980-07-03 03:03:10','2006-03-12 00:30:02'),(66,14,67,'Ryley Mall','313','quia',9,'Madisyn Walks',1,'248-114-4420x196','','2020-03-05 15:29:50','2021-01-23 18:27:38'),(67,65,54,'Jana Squares','100','amet',4,'Felicita Square',6,'+25(8)7798984732','','2000-05-12 12:15:51','2004-03-19 04:40:34'),(68,87,67,'Kozey Well','318','voluptatem',5,'Adelle Crossroad',2,'(565)713-4080','Enim nihil eaque voluptate expedita ex qui. Corporis nemo molestiae consectetur est voluptas. Ipsa sed eos inventore accusamus quam eveniet. Reiciendis nostrum et fugit praesentium voluptatem.','1980-06-17 06:53:03','1991-04-07 15:41:46'),(69,40,75,'Elyssa Manor','578','blanditiis',9,'Krajcik Glen',2,'1-008-185-7768x324','Eveniet est quis quo est sed eveniet facere ut. Officia aut illo est aut eligendi ut sapiente dignissimos. Aut optio dolor accusantium veritatis. Aperiam non ut necessitatibus laborum possimus.','1973-04-26 07:25:16','1976-02-14 07:38:45'),(70,36,73,'McDermott Walk','137','officiis',5,'Mack Square',4,'1-457-048-9386x447','Reprehenderit placeat dolorem tempora. Ut nam quia deleniti quos adipisci ea. Rerum ea laborum unde. Voluptatum corrupti qui nam vero nihil et.','1999-06-16 04:50:07','2013-11-15 01:34:57'),(71,60,43,'Rowan Court','689','maiores',7,'Schaden Points',8,'1-003-238-4179x9115','Quos consequatur optio quia error ut eligendi cupiditate. Quam molestias et doloremque quos asperiores rem. Ducimus porro esse et quas quo et rerum quia.','1970-09-10 10:04:17','2007-04-02 23:07:53'),(72,92,93,'Paula Haven','757','ex',2,'Jermey Walks',9,'1-156-763-6615','Quisquam dolorem occaecati voluptates. Neque qui officiis voluptatem et et accusamus. Excepturi nisi consequatur excepturi commodi rerum rem. Quia voluptatum minima voluptatem vero quis est ex et.','1977-03-29 21:53:20','2003-10-01 11:19:59'),(73,84,38,'Marcellus Passage','190','itaque',4,'Simonis Station',6,'886.399.5976x4218','','2003-09-15 15:31:16','2010-03-01 20:29:38'),(74,42,9,'Amani Squares','161','omnis',1,'Bogisich Track',2,'117.582.8582','Officiis placeat deleniti corporis est at blanditiis suscipit. Vel nostrum itaque consequatur. Incidunt est consequuntur error qui non esse dolor. Consequuntur hic error minus aliquam est nulla.','2003-07-05 09:07:55','2017-11-19 22:05:24'),(75,55,32,'Kelli Highway','041','voluptatum',6,'Pink Lock',5,'929.002.0344x0792','','1989-02-18 11:05:32','1989-05-24 18:57:57'),(76,53,31,'Bechtelar Flats','883','numquam',6,'Luettgen Green',4,'337.055.9577x1798','','1986-01-08 00:10:07','2020-05-22 22:17:45'),(77,97,58,'Zboncak Center','922','perferendi',2,'Furman Mountains',9,'(194)558-3602x330','Saepe earum dolorem nulla sed autem. Molestiae rem est beatae quis nemo enim est rerum. Quisquam quia maiores reiciendis rerum quaerat asperiores et.','1975-11-22 05:56:34','2020-01-25 01:13:28'),(78,31,97,'Veum Port','659','adipisci',9,'Bins Spring',2,'389.200.8251x03032','','1975-08-05 13:26:27','1991-04-29 11:42:24'),(79,61,16,'Upton Ford','523','autem',6,'Jaydon Square',1,'907.618.6053','','1972-06-01 15:43:25','2010-05-02 20:27:20'),(80,12,86,'Dillan Glen','507','voluptates',4,'Blaze Drive',4,'05604910423','','1980-01-16 04:09:22','2007-06-21 06:40:47'),(81,74,85,'Feeney Keys','805','asperiores',4,'Rex Course',1,'(017)317-7509','','1989-09-27 09:32:03','1993-08-08 09:21:37'),(82,38,66,'Watsica Turnpike','460','eveniet',7,'Weston Prairie',7,'251-733-4523','Nemo reprehenderit ea quia voluptatem. Et vero voluptas quis consectetur. Quasi et provident consequuntur accusantium cum accusamus consectetur. Dolore sed dicta autem quas aut.','1982-05-07 08:36:01','1987-01-10 17:32:11'),(83,66,74,'Koelpin Ridge','008','inventore',8,'Flatley Shoals',9,'1-303-486-1929x8433','Quae a maiores quibusdam. Sequi et laboriosam qui harum repudiandae quo. Eveniet corrupti optio recusandae est eum ut. Maxime est aperiam est odit maiores ratione veniam.','1972-04-23 20:38:02','2012-12-22 20:48:49'),(84,18,74,'Ward Forges','050','dignissimo',3,'Gusikowski Manors',9,'759.090.6326x5034','Ullam est eaque dolorem repellendus molestiae odio. Vitae dolor voluptas voluptates accusamus eius minus laboriosam. Esse neque voluptatum qui dolor. Sed reiciendis animi voluptate ut.','2002-09-03 02:50:47','2017-04-02 01:34:47'),(85,91,46,'Hansen Junctions','977','vitae',6,'Billy Corners',7,'+71(7)5497012185','','1972-09-10 13:48:05','1994-01-29 22:44:10'),(86,1,7,'Eldora Way','119','ut',6,'Reichert Turnpike',2,'416-575-2475x61312','','1974-01-02 06:32:14','1997-02-15 17:45:31'),(87,31,98,'Ana Road','599','tempora',6,'Aditya Walk',1,'500.217.0037x564','Aperiam sunt illo excepturi aut laboriosam deleniti. Similique labore autem nihil ea. Delectus ut non excepturi perspiciatis exercitationem voluptatem.','1983-08-29 01:27:37','2002-08-15 06:44:42'),(88,54,69,'Abernathy Springs','072','pariatur',9,'Oran Square',4,'743-280-9553x04523','','1990-01-11 05:51:32','1992-06-20 14:52:24'),(89,75,52,'Adele Overpass','147','nostrum',7,'Lubowitz Stream',5,'312-724-3683x636','Accusamus eos aut vel est. Voluptatem error laborum qui ea autem fugit architecto debitis. Quasi molestiae repudiandae ea est beatae numquam.','1976-09-08 00:05:43','2009-03-05 22:07:33'),(90,13,53,'Franecki Stream','624','alias',8,'Lubowitz Prairie',4,'655-490-6909x75876','Quis vero officia asperiores quod vitae. Et cum doloribus quae aut. Asperiores aperiam ea expedita distinctio tempore ad sapiente. Repudiandae expedita sunt perferendis.','1973-12-06 10:01:01','1995-08-13 02:42:06'),(91,39,10,'Harvey Curve','900','commodi',6,'Witting Park',3,'115.022.0000x229','Excepturi ullam iure fuga itaque aut voluptatem illo reprehenderit. Nihil ducimus voluptatem et rem porro rerum voluptatum.','1973-12-11 11:04:17','1982-08-24 16:10:10'),(92,59,88,'Alyce Circles','709','repellat',5,'Haley Island',4,'00065209758','Repellendus voluptatum necessitatibus sed ea. Mollitia nisi dignissimos tempore quia quia.\nQuas nemo quia nihil aut. Sint fuga aperiam non adipisci sit. Voluptatum voluptas harum id cumque esse.','1976-09-09 10:26:24','2016-12-28 00:04:15'),(93,75,15,'Eleazar Skyway','782','nulla',8,'Nader Center',4,'1-228-517-8375','','2017-12-23 15:57:08','2021-03-02 21:43:23'),(94,2,6,'Dickinson Islands','421','vitae',7,'Olson Course',3,'726-419-5964','Maxime reiciendis ea qui id. Distinctio officia itaque modi et qui. Non voluptatem non commodi ratione error consequatur. Hic hic numquam voluptatem optio.','2005-07-06 22:04:32','2008-08-13 01:48:08'),(95,79,86,'Mraz Knoll','377','eaque',8,'Quigley Drives',6,'1-380-968-2989x34490','Quod laboriosam libero est est necessitatibus nostrum excepturi. Qui molestiae reiciendis incidunt sint rem molestias. Est error in assumenda. Autem perspiciatis atque expedita qui tempore hic.','1970-02-25 15:10:25','1985-01-12 21:01:37'),(96,92,14,'Waelchi Lights','992','tempore',6,'Rhiannon Prairie',8,'1-598-510-3599','','1997-10-24 00:01:36','2020-10-20 15:58:49'),(97,26,10,'Verda Glen','444','sit',8,'Jacobs Inlet',7,'011.557.3233','Repellat minus eos voluptas. Voluptate repudiandae consequuntur necessitatibus atque assumenda rem vero. Consequuntur quis suscipit dolorem sunt maiores delectus.','2002-05-05 14:24:04','2020-09-16 15:33:50'),(98,52,5,'Mayert River','905','labore',4,'Shields Ranch',9,'417.587.8158','Nobis est culpa architecto molestiae. Sed fugiat amet quia magnam eum aperiam voluptatibus. Delectus similique ullam iure perferendis. Voluptatem suscipit sapiente et ullam.','1980-10-27 11:03:18','2010-06-27 14:09:09'),(99,84,96,'Mante Gateway','191','aut',9,'Yost Curve',5,'(974)267-9971','','1988-07-21 15:21:29','2019-06-08 19:33:13'),(100,62,70,'Mario Squares','600','temporibus',5,'Nicolas Vista',3,'(402)638-9332x947','Voluptatibus officia sed aut voluptatibus est fugiat. Quos ut fugit nihil soluta a velit voluptatem ducimus. Aut dolor eos tempora. Officia laboriosam nobis quas ut.','2003-06-04 16:06:41','2005-04-08 10:03:26');
/*!40000 ALTER TABLE `addresses` ENABLE KEYS */;
UNLOCK TABLES;

--
-- Table structure for table `brands`
--

DROP TABLE IF EXISTS `brands`;
/*!40101 SET @saved_cs_client     = @@character_set_client */;
/*!50503 SET character_set_client = utf8mb4 */;
CREATE TABLE `brands` (
  `id` int unsigned NOT NULL AUTO_INCREMENT COMMENT 'Идентификатор бренда',
  `name` varchar(100) CHARACTER SET utf8 COLLATE utf8_bin DEFAULT NULL COMMENT 'Название бренда',
  `created_at` datetime DEFAULT CURRENT_TIMESTAMP COMMENT 'Время создания бренда',
  `updated_at` datetime DEFAULT CURRENT_TIMESTAMP ON UPDATE CURRENT_TIMESTAMP COMMENT 'Время обновления бренда',
  PRIMARY KEY (`id`),
  UNIQUE KEY `id` (`id`),
  UNIQUE KEY `unique_name` (`name`(10))
) ENGINE=InnoDB AUTO_INCREMENT=16 DEFAULT CHARSET=utf8mb4 COLLATE=utf8mb4_unicode_ci COMMENT='Бренды интернет-магазина Мегафон';
/*!40101 SET character_set_client = @saved_cs_client */;

--
-- Dumping data for table `brands`
--

LOCK TABLES `brands` WRITE;
/*!40000 ALTER TABLE `brands` DISABLE KEYS */;
INSERT INTO `brands` VALUES (1,'alias','1987-01-16 07:27:34','2016-08-04 04:41:48'),(2,'explicabo','1993-02-17 20:56:58','2016-03-28 16:08:44'),(3,'quibusdam','1980-05-03 09:22:22','1999-09-22 04:53:08'),(4,'tempore','1972-09-21 18:18:42','2007-10-12 14:58:50'),(5,'voluptatibus','2001-08-30 12:52:48','2019-09-03 14:46:28'),(6,'laborum','1987-06-19 16:40:30','1991-07-25 23:49:27'),(7,'cumque','1974-05-12 06:56:17','1996-02-25 15:29:46'),(8,'magnam','1998-01-30 08:52:21','2009-07-21 14:47:22'),(9,'ea','1975-10-17 23:41:09','1979-09-27 19:46:54'),(10,'quia','1985-03-01 00:52:33','2005-07-19 02:59:29'),(11,'blanditiis','1972-07-30 02:25:01','1974-08-02 23:07:21'),(12,'commodi','2003-02-05 09:53:41','2007-11-24 03:30:34'),(13,'eum','1992-03-24 06:11:59','2015-02-27 11:54:09'),(14,'reiciendis','1988-04-09 06:06:11','1991-11-06 09:27:11'),(15,'nemo','1998-10-01 16:52:15','2017-03-12 06:49:08');
/*!40000 ALTER TABLE `brands` ENABLE KEYS */;
UNLOCK TABLES;

--
-- Table structure for table `catalogs`
--

DROP TABLE IF EXISTS `catalogs`;
/*!40101 SET @saved_cs_client     = @@character_set_client */;
/*!50503 SET character_set_client = utf8mb4 */;
CREATE TABLE `catalogs` (
  `id` int unsigned NOT NULL AUTO_INCREMENT COMMENT 'Идентификатор раздела',
  `name` varchar(100) CHARACTER SET utf8 COLLATE utf8_bin DEFAULT NULL COMMENT 'Название раздела',
  `created_at` datetime DEFAULT CURRENT_TIMESTAMP COMMENT 'Время создания раздела',
  `updated_at` datetime DEFAULT CURRENT_TIMESTAMP ON UPDATE CURRENT_TIMESTAMP COMMENT 'Время обновления раздела',
  PRIMARY KEY (`id`),
  UNIQUE KEY `id` (`id`),
  UNIQUE KEY `unique_name` (`name`(10))
) ENGINE=InnoDB AUTO_INCREMENT=11 DEFAULT CHARSET=utf8mb4 COLLATE=utf8mb4_unicode_ci COMMENT='Разделы интернет-магазина Мегафон';
/*!40101 SET character_set_client = @saved_cs_client */;

--
-- Dumping data for table `catalogs`
--

LOCK TABLES `catalogs` WRITE;
/*!40000 ALTER TABLE `catalogs` DISABLE KEYS */;
INSERT INTO `catalogs` VALUES (1,'watches','1979-09-13 15:10:01','2002-07-09 18:22:01'),(2,'cell phones','1989-07-31 17:01:20','1993-11-09 18:49:24'),(3,'laptops','2009-03-09 22:32:29','2010-03-09 06:44:46'),(4,'charging stations','1994-05-02 06:33:27','1998-11-28 23:18:55'),(5,'computers','1979-01-28 17:02:03','2010-05-14 15:13:29'),(6,'headphones','1989-07-21 17:18:58','1992-02-10 04:38:34'),(7,'batteries','1990-11-27 21:47:50','1999-02-01 22:31:00'),(8,'cables','2000-03-06 01:11:37','2010-01-10 11:47:30'),(9,'hard drives','1976-07-06 11:24:16','2006-09-21 15:44:55'),(10,'spare parts','1975-10-04 21:48:03','2013-06-19 16:07:00');
/*!40000 ALTER TABLE `catalogs` ENABLE KEYS */;
UNLOCK TABLES;

--
-- Table structure for table `cities`
--

DROP TABLE IF EXISTS `cities`;
/*!40101 SET @saved_cs_client     = @@character_set_client */;
/*!50503 SET character_set_client = utf8mb4 */;
CREATE TABLE `cities` (
  `id` int unsigned NOT NULL AUTO_INCREMENT COMMENT 'Идентификатор адреса',
  `city_name` varchar(100) CHARACTER SET utf8mb4 COLLATE utf8mb4_unicode_ci NOT NULL COMMENT 'Улица',
  PRIMARY KEY (`id`)
) ENGINE=InnoDB AUTO_INCREMENT=101 DEFAULT CHARSET=utf8mb4 COLLATE=utf8mb4_unicode_ci COMMENT='Города';
/*!40101 SET character_set_client = @saved_cs_client */;

--
-- Dumping data for table `cities`
--

LOCK TABLES `cities` WRITE;
/*!40000 ALTER TABLE `cities` DISABLE KEYS */;
INSERT INTO `cities` VALUES (1,'West Trenton'),(2,'Miguelshire'),(3,'New Terrellhaven'),(4,'Ottiliemouth'),(5,'Josiechester'),(6,'Port Eulaliaberg'),(7,'North Tierrafort'),(8,'Clayville'),(9,'Orinside'),(10,'West Adellestad'),(11,'Ullrichburgh'),(12,'Casandrashire'),(13,'West Natalieland'),(14,'New Lottieland'),(15,'West Brando'),(16,'Bradtkeview'),(17,'New Edmond'),(18,'West Makayla'),(19,'South Reggie'),(20,'Elenoraside'),(21,'Rempelhaven'),(22,'East Maymiechester'),(23,'Runolfsdottirborough'),(24,'West Lexusside'),(25,'Oberbrunnerbury'),(26,'Lomachester'),(27,'South Floville'),(28,'Fosterville'),(29,'New Kaci'),(30,'Lake Syble'),(31,'Monahanton'),(32,'South Gregoryshire'),(33,'Murphytown'),(34,'Gulgowskibury'),(35,'Bennettberg'),(36,'Lake Amara'),(37,'Danteview'),(38,'Myahchester'),(39,'Port Dexter'),(40,'Hesselview'),(41,'Merlmouth'),(42,'Lake Haileeton'),(43,'Lake Jamalside'),(44,'East Fleta'),(45,'South Mollie'),(46,'Hegmannport'),(47,'Lake Janessaton'),(48,'Port Melany'),(49,'Scottyside'),(50,'West Lorna'),(51,'Ullrichshire'),(52,'South Jarrellton'),(53,'New Bud'),(54,'Hermistonfurt'),(55,'New Lisandro'),(56,'New Leonieborough'),(57,'Eduardoberg'),(58,'West Giles'),(59,'New Velvaville'),(60,'Klingburgh'),(61,'Quigleyborough'),(62,'Armstrongview'),(63,'Port Novahaven'),(64,'Augustusside'),(65,'Langworthtown'),(66,'Lake Cruzmouth'),(67,'East Pierre'),(68,'North Pearlie'),(69,'Guidoborough'),(70,'Port Deionbury'),(71,'West Sigmundville'),(72,'Kassulkemouth'),(73,'West Jammie'),(74,'East Jermey'),(75,'Chesterhaven'),(76,'Mayerbury'),(77,'Lake Eryn'),(78,'South Berta'),(79,'New Hester'),(80,'South Lexiland'),(81,'Krischester'),(82,'Kuphalfort'),(83,'Kuhnstad'),(84,'New Jammiefort'),(85,'Emardhaven'),(86,'South Missouriberg'),(87,'North Stephonton'),(88,'Lake Emilia'),(89,'Port Daniela'),(90,'New Adrienview'),(91,'South Eldora'),(92,'Roobberg'),(93,'Schummview'),(94,'Jaydenport'),(95,'North Wiley'),(96,'South Wardport'),(97,'Bernitamouth'),(98,'Funkfort'),(99,'New Boyd'),(100,'Elianeside');
/*!40000 ALTER TABLE `cities` ENABLE KEYS */;
UNLOCK TABLES;

--
-- Table structure for table `media`
--

DROP TABLE IF EXISTS `media`;
/*!40101 SET @saved_cs_client     = @@character_set_client */;
/*!50503 SET character_set_client = utf8mb4 */;
CREATE TABLE `media` (
  `id` bigint unsigned NOT NULL AUTO_INCREMENT COMMENT 'Идентификатор медиа',
  `user_id` int unsigned NOT NULL COMMENT 'Ссылка на пользователя, который загрузил файл',
  `product_id` bigint unsigned NOT NULL COMMENT 'Принадлежность к товару',
  `filename` varchar(255) CHARACTER SET utf8mb4 COLLATE utf8mb4_unicode_ci NOT NULL COMMENT 'Путь к файлу',
  `size` int NOT NULL COMMENT 'Размер файла',
  `metadata` longtext CHARACTER SET utf8mb4 COLLATE utf8mb4_bin COMMENT 'Метаданные файла',
  `media_type_id` int unsigned NOT NULL COMMENT 'Ссылка на тип контента',
  `created_at` datetime DEFAULT CURRENT_TIMESTAMP COMMENT 'Время создания строки',
  `updated_at` datetime DEFAULT CURRENT_TIMESTAMP ON UPDATE CURRENT_TIMESTAMP COMMENT 'Время обновления новости',
  PRIMARY KEY (`id`),
  KEY `index_of_product_id` (`product_id`) USING BTREE,
  KEY `index_of_user_id` (`user_id`) USING BTREE,
  KEY `index_of_media_type_id` (`media_type_id`) USING BTREE,
  CONSTRAINT `media_fk_media_type_id` FOREIGN KEY (`media_type_id`) REFERENCES `media_types` (`id`),
  CONSTRAINT `media_fk_product_id` FOREIGN KEY (`product_id`) REFERENCES `products` (`id`),
  CONSTRAINT `media_fk_user_id` FOREIGN KEY (`user_id`) REFERENCES `users` (`id`)
) ENGINE=InnoDB AUTO_INCREMENT=151 DEFAULT CHARSET=utf8mb4 COLLATE=utf8mb4_unicode_ci COMMENT='Медиафайлы';
/*!40101 SET character_set_client = @saved_cs_client */;

--
-- Dumping data for table `media`
--

LOCK TABLES `media` WRITE;
/*!40000 ALTER TABLE `media` DISABLE KEYS */;
INSERT INTO `media` VALUES (1,67,25,'mollitia',3,'http://lorempixel.com/640/480/1',1,'1974-04-11 09:30:02','2004-10-07 04:09:44'),(2,3,67,'sit',3762,'http://lorempixel.com/640/480/2',2,'1989-08-19 21:27:29','2004-07-11 15:18:46'),(3,13,61,'quam',43567,'http://lorempixel.com/640/480/3',3,'1971-05-04 05:16:15','1972-02-14 09:57:26'),(4,52,4,'dolores',667,'http://lorempixel.com/640/480/4',4,'2006-11-17 00:15:57','2014-04-12 04:15:44'),(5,25,35,'atque',6442,'http://lorempixel.com/640/480/5',5,'1971-03-09 07:05:43','1984-11-03 01:33:36'),(6,67,61,'et',669644772,'http://lorempixel.com/640/480/6',6,'1977-08-13 22:52:13','2004-06-01 08:35:03'),(7,63,5,'delectus',1282441,'http://lorempixel.com/640/480/7',7,'1970-08-13 16:58:17','1988-02-21 19:01:03'),(8,14,36,'aut',8675,'http://lorempixel.com/640/480/8',8,'1973-11-18 10:51:01','1990-08-23 04:54:25'),(9,80,68,'illum',20136967,'http://lorempixel.com/640/480/9',9,'1982-05-24 10:22:38','2012-11-04 13:09:52'),(10,58,33,'consequatur',64202,'http://lorempixel.com/640/480/10',10,'1978-06-06 22:17:31','1999-10-20 00:58:26'),(11,52,58,'error',0,'http://lorempixel.com/640/480/11',1,'1978-02-08 04:53:05','1995-01-24 18:46:29'),(12,86,92,'distinctio',989775,'http://lorempixel.com/640/480/12',2,'1981-12-18 22:10:00','1991-04-28 09:39:49'),(13,72,86,'consequuntur',798685,'http://lorempixel.com/640/480/13',3,'1980-10-07 14:41:13','1992-10-22 08:06:08'),(14,6,57,'sit',520,'http://lorempixel.com/640/480/14',4,'1978-03-18 09:55:36','1981-06-24 04:36:57'),(15,9,25,'sapiente',8834376,'http://lorempixel.com/640/480/15',5,'1981-09-25 23:23:05','2000-12-30 17:58:37'),(16,26,52,'molestiae',205,'http://lorempixel.com/640/480/16',6,'1987-06-28 22:52:29','2017-12-09 20:00:12'),(17,3,87,'voluptatem',6,'http://lorempixel.com/640/480/17',7,'1983-11-01 09:09:25','1990-09-20 20:38:49'),(18,37,80,'eaque',385133487,'http://lorempixel.com/640/480/18',8,'1975-01-16 22:10:49','2007-12-27 08:56:58'),(19,77,39,'fugit',9804923,'http://lorempixel.com/640/480/19',9,'1971-01-23 08:51:02','2000-03-26 15:12:06'),(20,75,55,'iste',8910946,'http://lorempixel.com/640/480/20',10,'1984-11-08 04:43:02','1992-12-14 14:58:51'),(21,43,58,'unde',98378234,'http://lorempixel.com/640/480/21',1,'1997-10-11 03:02:01','2007-07-22 10:52:25'),(22,89,23,'aut',628,'http://lorempixel.com/640/480/22',2,'2015-05-30 22:28:09','2015-07-29 20:37:39'),(23,20,42,'eum',5420,'http://lorempixel.com/640/480/23',3,'1981-04-27 19:39:59','1992-10-04 10:01:11'),(24,30,39,'recusandae',676,'http://lorempixel.com/640/480/24',4,'1991-01-25 17:49:32','2002-07-22 10:30:03'),(25,91,71,'quibusdam',4021,'http://lorempixel.com/640/480/25',5,'1979-02-28 12:35:56','2012-06-24 13:38:57'),(26,68,38,'necessitatibus',899,'http://lorempixel.com/640/480/26',6,'1977-02-01 19:01:31','1988-11-21 17:18:49'),(27,64,75,'voluptatem',7,'http://lorempixel.com/640/480/27',7,'2003-09-28 13:38:43','2020-03-02 12:02:29'),(28,18,62,'est',60892878,'http://lorempixel.com/640/480/28',8,'2007-10-25 15:48:15','2008-07-08 08:35:14'),(29,97,87,'quae',158019665,'http://lorempixel.com/640/480/29',9,'1996-08-05 12:28:19','2017-04-24 12:11:02'),(30,33,50,'voluptas',0,'http://lorempixel.com/640/480/30',10,'1990-06-29 03:31:48','2019-10-03 10:20:51'),(31,71,87,'voluptatem',8,'http://lorempixel.com/640/480/31',1,'1971-09-07 10:47:30','2012-11-26 12:11:22'),(32,57,86,'iure',19063,'http://lorempixel.com/640/480/32',2,'2000-01-24 06:21:21','2017-11-19 09:06:13'),(33,73,68,'consectetur',4,'http://lorempixel.com/640/480/33',3,'1977-10-23 06:02:39','1990-07-07 07:37:51'),(34,94,85,'voluptas',6,'http://lorempixel.com/640/480/34',4,'1977-03-24 20:41:56','2020-11-07 05:40:33'),(35,54,20,'rerum',9,'http://lorempixel.com/640/480/35',5,'1994-12-27 07:14:24','2018-11-06 10:48:30'),(36,84,44,'voluptas',941854069,'http://lorempixel.com/640/480/36',6,'1973-06-15 18:33:27','1991-06-26 10:46:17'),(37,60,59,'quia',261,'http://lorempixel.com/640/480/37',7,'1979-03-12 12:39:27','2002-12-20 03:16:02'),(38,50,63,'repellendus',89451096,'http://lorempixel.com/640/480/38',8,'1983-11-27 20:04:08','2016-06-24 12:46:38'),(39,67,40,'quisquam',4819282,'http://lorempixel.com/640/480/39',9,'1973-08-02 09:55:11','1996-11-20 14:15:49'),(40,84,10,'eveniet',156,'http://lorempixel.com/640/480/40',10,'1999-05-14 22:24:46','2006-12-30 11:03:56'),(41,23,28,'optio',758583,'http://lorempixel.com/640/480/41',1,'1993-03-21 17:14:08','1999-10-13 15:27:01'),(42,60,12,'quia',740135,'http://lorempixel.com/640/480/42',2,'1978-03-05 20:18:14','2004-01-14 10:05:28'),(43,31,73,'quasi',58,'http://lorempixel.com/640/480/43',3,'1990-11-07 06:39:10','2005-07-08 18:41:53'),(44,73,30,'id',4414388,'http://lorempixel.com/640/480/44',4,'2005-02-24 23:28:29','2013-01-05 13:40:52'),(45,74,32,'saepe',9793,'http://lorempixel.com/640/480/45',5,'2003-09-15 13:42:06','2019-01-24 18:52:17'),(46,51,68,'dignissimos',25384,'http://lorempixel.com/640/480/46',6,'1996-02-06 21:27:29','2018-04-05 15:38:54'),(47,32,47,'recusandae',4127182,'http://lorempixel.com/640/480/47',7,'1995-04-12 12:28:36','2012-06-01 21:53:33'),(48,7,30,'vel',569,'http://lorempixel.com/640/480/48',8,'1978-07-18 23:22:44','1980-08-17 04:54:59'),(49,39,8,'sit',6200718,'http://lorempixel.com/640/480/49',9,'1996-03-25 15:52:48','2008-04-14 17:20:23'),(50,72,49,'aut',6,'http://lorempixel.com/640/480/50',10,'1975-03-06 12:17:01','2019-05-23 22:02:28'),(51,47,23,'ab',327210890,'http://lorempixel.com/640/480/51',1,'1979-09-13 02:10:51','1983-10-24 23:01:02'),(52,17,68,'voluptatem',0,'http://lorempixel.com/640/480/52',2,'1978-04-11 06:52:56','1988-03-26 04:39:58'),(53,44,70,'at',8309,'http://lorempixel.com/640/480/53',3,'2001-06-15 14:05:12','2004-05-21 11:47:57'),(54,67,47,'molestias',2,'http://lorempixel.com/640/480/54',4,'1971-09-26 14:40:37','1996-11-24 12:58:17'),(55,5,25,'saepe',611,'http://lorempixel.com/640/480/55',5,'1985-04-15 16:17:58','1997-08-14 21:15:33'),(56,21,82,'vel',972,'http://lorempixel.com/640/480/56',6,'1992-01-15 09:28:52','2016-03-27 04:30:28'),(57,91,38,'aut',495,'http://lorempixel.com/640/480/57',7,'2000-01-08 14:57:28','2006-05-31 15:45:40'),(58,94,44,'dolorem',93,'http://lorempixel.com/640/480/58',8,'1987-01-02 11:44:43','2007-07-14 16:31:18'),(59,1,4,'quidem',78227,'http://lorempixel.com/640/480/59',9,'1986-04-15 21:46:22','2005-04-14 19:16:45'),(60,16,87,'itaque',53,'http://lorempixel.com/640/480/60',10,'1988-03-27 13:51:58','2002-07-17 05:36:16'),(61,77,27,'aut',28748,'http://lorempixel.com/640/480/61',1,'1985-02-19 18:10:39','1987-01-22 20:52:44'),(62,38,72,'libero',20393,'http://lorempixel.com/640/480/62',2,'1973-11-22 06:37:33','2005-01-15 22:33:07'),(63,58,79,'ut',77248,'http://lorempixel.com/640/480/63',3,'2002-03-15 09:35:17','2002-10-18 10:44:53'),(64,79,78,'odit',59,'http://lorempixel.com/640/480/64',4,'1970-01-17 21:23:09','2014-11-04 14:38:08'),(65,21,57,'dignissimos',5,'http://lorempixel.com/640/480/65',5,'1980-05-01 06:01:12','1985-06-30 01:15:46'),(66,68,49,'voluptatem',33,'http://lorempixel.com/640/480/66',6,'2005-10-06 10:53:38','2007-04-05 23:53:27'),(67,75,72,'provident',24663673,'http://lorempixel.com/640/480/67',7,'1984-05-10 02:47:27','1996-02-21 18:09:29'),(68,72,17,'ex',899462,'http://lorempixel.com/640/480/68',8,'1992-04-23 03:59:59','2010-12-23 21:23:48'),(69,36,68,'iusto',771206,'http://lorempixel.com/640/480/69',9,'1974-02-01 21:40:57','2009-04-13 20:58:33'),(70,64,87,'velit',8729,'http://lorempixel.com/640/480/70',10,'1971-06-09 23:46:12','1980-09-15 11:14:22'),(71,13,32,'qui',5174,'http://lorempixel.com/640/480/71',1,'2002-05-20 00:41:40','2016-09-26 12:04:54'),(72,69,99,'minima',242047,'http://lorempixel.com/640/480/72',2,'1981-05-17 23:26:32','1997-05-13 21:46:02'),(73,11,3,'illum',75083,'http://lorempixel.com/640/480/73',3,'2010-01-18 22:03:07','2018-04-28 23:59:51'),(74,43,14,'reprehenderit',0,'http://lorempixel.com/640/480/74',4,'1976-05-18 01:04:04','1987-12-13 10:02:20'),(75,84,61,'quis',26,'http://lorempixel.com/640/480/75',5,'1980-01-31 05:40:10','1992-05-02 14:23:59'),(76,94,66,'praesentium',1194,'http://lorempixel.com/640/480/76',6,'1978-02-11 21:21:51','2016-05-28 23:17:56'),(77,18,45,'nihil',7915741,'http://lorempixel.com/640/480/77',7,'1982-06-06 22:25:50','2003-05-26 18:57:01'),(78,6,27,'error',0,'http://lorempixel.com/640/480/78',8,'1981-11-04 23:47:43','2017-03-06 01:09:16'),(79,76,99,'error',80171,'http://lorempixel.com/640/480/79',9,'1998-03-25 01:45:43','2011-07-03 10:48:19'),(80,62,16,'maxime',7,'http://lorempixel.com/640/480/80',10,'1996-11-30 14:56:11','2002-12-20 12:14:35'),(81,82,81,'sunt',8545303,'http://lorempixel.com/640/480/81',1,'1990-10-05 05:14:00','2013-03-23 15:57:10'),(82,27,57,'quo',8,'http://lorempixel.com/640/480/82',2,'1999-09-24 06:24:03','2020-01-13 01:05:45'),(83,87,43,'vero',20379,'http://lorempixel.com/640/480/83',3,'1979-03-13 09:14:52','2003-05-06 08:18:46'),(84,55,45,'maxime',96,'http://lorempixel.com/640/480/84',4,'1982-01-14 21:58:23','1996-05-31 11:20:50'),(85,16,94,'perspiciatis',0,'http://lorempixel.com/640/480/85',5,'1979-04-06 01:51:02','1995-12-07 07:21:58'),(86,11,39,'non',885021874,'http://lorempixel.com/640/480/86',6,'1972-07-24 03:32:30','1976-06-23 08:37:05'),(87,9,10,'omnis',431420,'http://lorempixel.com/640/480/87',7,'1998-03-16 03:35:10','2014-05-12 14:22:56'),(88,11,30,'quae',4494,'http://lorempixel.com/640/480/88',8,'1981-02-18 11:36:59','1989-01-15 21:36:52'),(89,28,23,'incidunt',3,'http://lorempixel.com/640/480/89',9,'1974-10-09 16:38:15','1994-03-20 15:19:17'),(90,8,23,'maxime',551,'http://lorempixel.com/640/480/90',10,'2012-12-14 15:33:13','2015-03-01 11:25:53'),(91,55,44,'explicabo',38903,'http://lorempixel.com/640/480/91',1,'1993-10-28 16:50:04','1995-06-13 04:48:57'),(92,53,53,'voluptas',32768,'http://lorempixel.com/640/480/92',2,'1986-12-23 20:35:19','1990-10-14 18:10:32'),(93,97,31,'ratione',0,'http://lorempixel.com/640/480/93',3,'2001-02-07 06:34:28','2010-12-25 14:28:43'),(94,30,98,'sunt',288,'http://lorempixel.com/640/480/94',4,'1983-02-25 14:39:25','2019-07-15 13:07:17'),(95,57,99,'dolorem',255,'http://lorempixel.com/640/480/95',5,'1998-06-24 07:29:58','1998-12-16 23:46:00'),(96,97,3,'minima',6458487,'http://lorempixel.com/640/480/96',6,'1979-11-01 21:26:45','1993-01-10 12:50:21'),(97,13,14,'sit',671,'http://lorempixel.com/640/480/97',7,'1980-10-29 01:03:27','2006-05-28 20:55:38'),(98,72,62,'dolores',99782611,'http://lorempixel.com/640/480/98',8,'2003-02-21 02:26:03','2019-09-12 21:56:25'),(99,23,69,'exercitationem',4599,'http://lorempixel.com/640/480/99',9,'1983-01-22 03:41:11','2001-06-08 21:18:46'),(100,99,59,'nemo',61537709,'http://lorempixel.com/640/480/100',10,'1981-08-19 08:41:32','1994-08-12 01:34:11'),(101,27,87,'aliquid',80074023,'http://lorempixel.com/640/480/101',1,'2012-11-20 09:40:10','2016-08-08 09:16:05'),(102,36,61,'veritatis',3,'http://lorempixel.com/640/480/102',2,'1973-12-20 14:50:51','2015-03-26 12:08:21'),(103,1,41,'ab',594950971,'http://lorempixel.com/640/480/103',3,'2016-12-27 05:07:41','2021-01-08 03:57:05'),(104,95,25,'sint',6,'http://lorempixel.com/640/480/104',4,'1973-11-21 22:51:23','1988-10-30 23:46:11'),(105,76,97,'provident',1311,'http://lorempixel.com/640/480/105',5,'1978-10-19 18:00:42','1986-06-15 20:35:15'),(106,95,17,'quibusdam',22,'http://lorempixel.com/640/480/106',6,'1998-07-04 08:39:23','2017-06-15 07:17:49'),(107,48,87,'libero',48,'http://lorempixel.com/640/480/107',7,'1970-06-20 19:37:09','2005-01-19 15:27:03'),(108,52,87,'placeat',835733,'http://lorempixel.com/640/480/108',8,'1994-08-26 21:11:48','2000-05-14 03:30:43'),(109,17,77,'harum',985,'http://lorempixel.com/640/480/109',9,'1989-11-10 14:10:54','2021-02-06 05:54:53'),(110,27,22,'eius',9612495,'http://lorempixel.com/640/480/110',10,'1991-06-04 21:02:00','2007-11-25 00:10:55'),(111,84,77,'perferendis',0,'http://lorempixel.com/640/480/111',1,'1991-01-02 08:35:31','2018-08-18 10:05:12'),(112,40,23,'culpa',286850,'http://lorempixel.com/640/480/112',2,'1970-07-24 10:57:23','2016-08-26 21:40:38'),(113,46,80,'perferendis',0,'http://lorempixel.com/640/480/113',3,'1974-10-22 06:38:54','1993-01-08 05:46:16'),(114,12,36,'consequatur',8569,'http://lorempixel.com/640/480/114',4,'2010-06-30 08:08:46','2013-05-12 18:42:20'),(115,22,37,'dolores',13,'http://lorempixel.com/640/480/115',5,'1995-05-15 03:24:08','2012-01-05 23:17:21'),(116,71,75,'voluptas',8,'http://lorempixel.com/640/480/116',6,'1979-02-11 18:07:51','1980-05-09 20:51:21'),(117,90,66,'ex',61622299,'http://lorempixel.com/640/480/117',7,'1971-10-29 16:13:46','2017-09-07 23:01:26'),(118,40,6,'perspiciatis',86761915,'http://lorempixel.com/640/480/118',8,'1999-08-20 07:43:53','2002-02-28 18:57:47'),(119,30,31,'amet',0,'http://lorempixel.com/640/480/119',9,'1975-05-29 21:45:58','1996-11-24 23:48:49'),(120,28,36,'est',32449904,'http://lorempixel.com/640/480/120',10,'1991-12-19 03:39:30','2000-03-22 22:59:32'),(121,50,87,'nemo',42,'http://lorempixel.com/640/480/121',1,'1979-04-06 09:19:19','1985-07-28 20:26:22'),(122,65,30,'aut',12994,'http://lorempixel.com/640/480/122',2,'1982-11-18 20:16:53','2020-03-18 08:18:31'),(123,78,87,'dolore',288026,'http://lorempixel.com/640/480/123',3,'1973-12-08 15:16:21','1993-01-30 16:34:29'),(124,93,46,'fugiat',0,'http://lorempixel.com/640/480/124',4,'1981-04-02 22:50:47','2017-04-22 05:21:48'),(125,32,69,'quibusdam',6549,'http://lorempixel.com/640/480/125',5,'1975-07-14 08:58:36','2011-09-06 19:01:44'),(126,79,7,'harum',401,'http://lorempixel.com/640/480/126',6,'1993-05-25 21:40:48','2003-01-27 13:01:53'),(127,2,26,'facere',38,'http://lorempixel.com/640/480/127',7,'1974-10-02 22:45:19','1974-11-22 11:56:29'),(128,68,8,'ea',445064,'http://lorempixel.com/640/480/128',8,'1999-03-06 03:37:03','2015-03-08 19:51:43'),(129,37,63,'sed',988,'http://lorempixel.com/640/480/129',9,'1995-12-30 03:17:27','2002-04-25 22:23:01'),(130,80,93,'provident',8098282,'http://lorempixel.com/640/480/130',10,'1980-03-05 17:30:39','1982-11-01 23:27:44'),(131,90,75,'facilis',6017,'http://lorempixel.com/640/480/131',1,'1973-10-22 07:39:55','2019-01-17 00:32:48'),(132,13,95,'qui',4271,'http://lorempixel.com/640/480/132',2,'1976-04-25 17:30:13','2015-02-01 17:15:19'),(133,92,52,'voluptate',0,'http://lorempixel.com/640/480/133',3,'1993-03-20 00:54:13','2002-03-09 14:09:40'),(134,24,73,'facere',1198,'http://lorempixel.com/640/480/134',4,'2007-03-12 19:17:40','2014-08-18 07:16:44'),(135,41,13,'illum',2,'http://lorempixel.com/640/480/135',5,'1974-03-30 01:02:22','1982-09-03 09:12:56'),(136,33,43,'laboriosam',423,'http://lorempixel.com/640/480/136',6,'1976-12-31 21:27:11','1987-06-23 11:02:01'),(137,43,77,'aut',5988,'http://lorempixel.com/640/480/137',7,'1978-01-22 05:56:40','1996-11-10 22:59:31'),(138,17,56,'ut',1191993,'http://lorempixel.com/640/480/138',8,'1980-01-06 03:26:03','1984-03-25 00:48:08'),(139,52,49,'qui',323822,'http://lorempixel.com/640/480/139',9,'1999-05-12 11:31:32','2005-05-26 10:27:06'),(140,12,75,'placeat',3,'http://lorempixel.com/640/480/140',10,'1980-10-03 10:50:08','2018-09-29 01:58:43'),(141,2,30,'libero',0,'http://lorempixel.com/640/480/141',1,'1986-12-11 10:49:18','1989-03-19 12:27:58'),(142,73,22,'perferendis',231505,'http://lorempixel.com/640/480/142',2,'1978-07-16 17:42:59','1986-08-21 21:17:37'),(143,62,22,'accusamus',0,'http://lorempixel.com/640/480/143',3,'1977-04-25 04:29:43','2005-06-01 14:05:11'),(144,90,45,'numquam',271173542,'http://lorempixel.com/640/480/144',4,'1976-07-24 12:51:18','2004-11-25 00:47:00'),(145,64,56,'libero',91599811,'http://lorempixel.com/640/480/145',5,'1972-12-01 18:11:55','1994-04-16 15:57:05'),(146,52,48,'voluptate',454,'http://lorempixel.com/640/480/146',6,'1970-08-03 11:02:32','2019-05-05 16:06:39'),(147,67,69,'occaecati',0,'http://lorempixel.com/640/480/147',7,'1970-10-16 16:12:57','1991-05-12 00:21:32'),(148,78,6,'repudiandae',68972,'http://lorempixel.com/640/480/148',8,'1984-11-28 11:21:16','2004-01-30 16:59:43'),(149,91,18,'est',949599071,'http://lorempixel.com/640/480/149',9,'1976-01-25 21:27:56','1999-04-14 00:12:52'),(150,20,70,'architecto',6378356,'http://lorempixel.com/640/480/150',10,'1995-01-17 17:11:10','2001-08-25 07:27:41');
/*!40000 ALTER TABLE `media` ENABLE KEYS */;
UNLOCK TABLES;

--
-- Table structure for table `media_types`
--

DROP TABLE IF EXISTS `media_types`;
/*!40101 SET @saved_cs_client     = @@character_set_client */;
/*!50503 SET character_set_client = utf8mb4 */;
CREATE TABLE `media_types` (
  `id` int unsigned NOT NULL AUTO_INCREMENT COMMENT 'Идентификатор медиа типа',
  `name` varchar(255) CHARACTER SET utf8mb4 COLLATE utf8mb4_unicode_ci NOT NULL COMMENT 'Название типа',
  `created_at` datetime DEFAULT CURRENT_TIMESTAMP COMMENT 'Время создания строки',
  `updated_at` datetime DEFAULT CURRENT_TIMESTAMP ON UPDATE CURRENT_TIMESTAMP COMMENT 'Время обновления строки',
  PRIMARY KEY (`id`),
  UNIQUE KEY `name` (`name`)
) ENGINE=InnoDB AUTO_INCREMENT=11 DEFAULT CHARSET=utf8mb4 COLLATE=utf8mb4_unicode_ci COMMENT='Типы медиафайлов';
/*!40101 SET character_set_client = @saved_cs_client */;

--
-- Dumping data for table `media_types`
--

LOCK TABLES `media_types` WRITE;
/*!40000 ALTER TABLE `media_types` DISABLE KEYS */;
INSERT INTO `media_types` VALUES (1,'ut','2004-10-02 07:33:41','2006-10-02 14:10:36'),(2,'et','1997-06-22 11:06:59','2011-08-28 19:31:40'),(3,'quaerat','1974-06-26 00:32:41','1992-04-16 04:05:11'),(4,'placeat','2000-08-23 21:35:43','2009-10-10 13:29:56'),(5,'rerum','1991-06-24 00:42:53','2001-02-27 21:21:19'),(6,'omnis','1986-07-13 16:08:25','2003-01-17 14:59:22'),(7,'eos','1978-01-29 16:58:52','2004-06-25 00:30:49'),(8,'molestiae','2011-04-05 07:49:11','2018-05-13 03:30:08'),(9,'quod','1999-11-04 08:07:05','2008-02-14 21:05:41'),(10,'quis','1975-05-04 05:56:43','2003-11-05 07:22:52');
/*!40000 ALTER TABLE `media_types` ENABLE KEYS */;
UNLOCK TABLES;

--
-- Temporary view structure for view `most_valuable`
--

DROP TABLE IF EXISTS `most_valuable`;
/*!50001 DROP VIEW IF EXISTS `most_valuable`*/;
SET @saved_cs_client     = @@character_set_client;
/*!50503 SET character_set_client = utf8mb4 */;
/*!50001 CREATE VIEW `most_valuable` AS SELECT 
 1 AS `product_id`,
 1 AS `all_points`,
 1 AS `voices`,
 1 AS `name`,
 1 AS `middle_value`*/;
SET character_set_client = @saved_cs_client;

--
-- Table structure for table `news`
--

DROP TABLE IF EXISTS `news`;
/*!40101 SET @saved_cs_client     = @@character_set_client */;
/*!50503 SET character_set_client = utf8mb4 */;
CREATE TABLE `news` (
  `id` int unsigned NOT NULL AUTO_INCREMENT COMMENT 'Идентификатор раздела',
  `user_id` int unsigned NOT NULL COMMENT 'Идентификатор раздела',
  `head` varchar(255) CHARACTER SET utf8mb4 COLLATE utf8mb4_unicode_ci DEFAULT NULL COMMENT 'Заголовок новости',
  `body` text CHARACTER SET utf8mb4 COLLATE utf8mb4_unicode_ci NOT NULL COMMENT 'Тело новости',
  `is_public` tinyint(1) DEFAULT '1' COMMENT 'Является публичной новостью',
  `is_archived` tinyint(1) DEFAULT '0' COMMENT 'Является архивной новостью',
  `created_at` datetime DEFAULT CURRENT_TIMESTAMP COMMENT 'Время создания новости',
  `updated_at` datetime DEFAULT CURRENT_TIMESTAMP ON UPDATE CURRENT_TIMESTAMP COMMENT 'Время обновления новости',
  PRIMARY KEY (`id`),
  KEY `news_fk_user_id` (`user_id`),
  CONSTRAINT `news_fk_user_id` FOREIGN KEY (`user_id`) REFERENCES `users` (`id`)
) ENGINE=InnoDB AUTO_INCREMENT=31 DEFAULT CHARSET=utf8mb4 COLLATE=utf8mb4_unicode_ci COMMENT='Новости';
/*!40101 SET character_set_client = @saved_cs_client */;

--
-- Dumping data for table `news`
--

LOCK TABLES `news` WRITE;
/*!40000 ALTER TABLE `news` DISABLE KEYS */;
INSERT INTO `news` VALUES (1,1,'Ullam magni suscipit deserunt quia.','Dolor impedit fugit repudiandae voluptas. Earum voluptatem sed rerum similique explicabo maiores accusamus. Excepturi aut totam ipsam omnis dolor. Consequatur quia cum fuga rerum.',0,1,'2006-10-20 11:10:48','2007-02-19 23:26:28'),(2,3,'Dolores harum ea quia quidem dolorem.','Sunt quo rerum sapiente est. Est aliquid sed in voluptatibus iure fugit aspernatur. Debitis quo qui exercitationem aliquam ut optio.',0,1,'1976-09-20 04:10:22','2007-05-04 19:31:20'),(3,3,'Et non dolores illum eligendi commodi ducimus.','Iure voluptas ut quidem eius ipsam dolores. Sunt illum id eum tempore corrupti et ea. Temporibus aspernatur velit nemo voluptas accusamus consequuntur. Est dolorum sit qui reiciendis sunt a explicabo.',0,0,'2007-12-09 18:36:28','2009-10-17 21:44:30'),(4,4,'Dolor praesentium assumenda nemo ut vero.','Fuga numquam animi et atque aperiam vitae. Nihil enim beatae pariatur suscipit quo eum. Iste odio quos magni quis.',0,1,'1999-02-06 17:11:42','2015-05-11 21:22:27'),(5,3,'Quaerat occaecati deleniti quia modi qui qui.','Eos ducimus voluptatem consequatur ab expedita. Molestiae quisquam ab quisquam et sit nihil dolor. Libero id iusto beatae aspernatur.',1,0,'1972-03-27 12:38:34','1977-04-06 08:03:05'),(6,3,'Placeat magni repudiandae est omnis minus explicabo.','Possimus autem sequi velit fugit qui quod. Aspernatur qui excepturi alias odit. Sit voluptatem odio aut ducimus qui. Tenetur nesciunt quia repellat.',1,0,'1990-06-30 09:02:50','2010-01-21 06:28:58'),(7,4,'Cupiditate molestiae quam et vel aut.','Dolorem provident doloribus vero non est porro eveniet. Aspernatur commodi quis dolorum incidunt non amet. Dolorum unde similique quaerat et quis dignissimos iste. Rerum dicta quia cupiditate laborum nemo assumenda dolor.',1,1,'1994-09-01 03:37:54','2002-09-04 15:42:08'),(8,1,'Fugit hic doloremque ex quidem eaque est culpa.','Id in at aut deleniti cum laudantium. Qui amet ex quam. Nihil perspiciatis id exercitationem incidunt. Rerum voluptas ut porro laboriosam consectetur aut.',1,0,'1973-05-28 14:35:54','1996-11-14 17:38:07'),(9,2,'Dolorem consequatur sit excepturi ab.','Dolorem cupiditate iusto quo sit error praesentium. Beatae voluptatem id maiores id. Asperiores architecto ipsum quia laudantium officiis sed non repellendus.',0,0,'1983-05-17 23:31:03','1989-03-22 03:21:07'),(10,3,'Asperiores odit nulla voluptas magni veritatis.','Beatae eius explicabo vel quaerat aperiam eum. Libero eos praesentium est ea distinctio. Voluptatem rem maiores voluptatem quis placeat.',0,0,'1991-09-17 14:38:43','2008-03-31 14:05:08'),(11,4,'At temporibus iusto quam incidunt.','Sapiente et repudiandae porro eaque. Omnis eveniet totam cupiditate pariatur ut et delectus.',1,1,'2004-02-19 11:34:23','2010-09-09 09:41:29'),(12,1,'Iste occaecati et at nulla.','Omnis eos officia a fuga. Facere eius quo dolores deleniti qui. Consequatur numquam quos est est repellat aut ea.',0,1,'1972-12-17 20:32:45','1992-05-05 02:03:03'),(13,3,'Repellendus a nam rerum temporibus molestiae.','Porro similique quia facere qui nostrum cum fugit. Aspernatur molestiae quo molestiae iusto. Nisi iste sed nobis eos fugit voluptatum.',1,0,'2000-12-02 22:32:31','2001-02-16 16:37:49'),(14,4,'Libero quo accusamus quo culpa laudantium aspernatur est eius.','Quo maxime aut eos. Odio vero ipsum voluptate ut nisi nostrum. Qui dignissimos rerum reprehenderit dolorum.',0,0,'1971-09-21 23:30:09','1974-03-02 04:38:44'),(15,4,'Totam et et sint dolor sint illum nihil.','Quae commodi facilis tempora in atque qui. Esse nam non dolorem perspiciatis nisi rem et. Repudiandae aut sit omnis. Debitis consectetur exercitationem aut tenetur suscipit repellendus.',1,0,'1993-07-11 08:27:31','2003-02-02 14:42:51'),(16,1,'Consequatur quisquam amet minus dolor ad incidunt.','Deserunt excepturi voluptas temporibus iusto nulla explicabo dolor. Accusamus voluptatum reiciendis dolores eius. Architecto quam asperiores sunt officiis tenetur quidem. Deleniti qui ducimus sed molestiae sit consequatur dignissimos.',0,0,'1996-10-18 09:52:11','2012-12-21 09:00:41'),(17,1,'Est perferendis magnam et porro.','Quos iure minus et cum. Possimus voluptas repellendus repellat eius ut quia nesciunt. Perspiciatis facere error soluta hic. Ut enim distinctio dignissimos dignissimos aut soluta. Dolores rerum dolorem dolorum rerum et vero.',1,1,'1987-10-30 04:38:25','1996-07-20 21:05:32'),(18,2,'Et dolorem labore explicabo id eum sed.','Aut aliquam vel est odit ipsum. Enim quia et ut non voluptatem. Ducimus a et harum et doloribus est ullam voluptatem.',0,1,'1985-07-20 09:20:35','2012-10-04 19:12:25'),(19,4,'Ullam quis ea quas.','Dolore et voluptates laboriosam facilis rerum. Et sed qui voluptatibus. Aut maxime sequi quaerat ut.',1,1,'1985-02-06 15:26:12','1993-09-22 23:56:50'),(20,2,'Quia et accusantium quis aperiam occaecati fuga.','Dignissimos consequuntur est quo vel accusantium at repellat. Voluptatem amet vitae est aut consequatur. Odit eius est qui ut.',0,0,'1998-01-16 10:36:29','2003-11-19 18:57:26'),(21,3,'Et sequi ea consectetur ut.','Exercitationem ratione sint qui rerum enim velit quam. Molestiae reprehenderit deserunt laudantium tenetur tempora earum. Reiciendis ut impedit possimus omnis. Quis maxime sapiente repellat harum ratione eos enim.',0,0,'1984-01-09 05:56:17','1984-01-10 04:10:13'),(22,2,'Occaecati voluptas vero pariatur fuga qui a.','Velit tempora non est quia voluptatibus. Et possimus modi minima suscipit est. Eum veniam porro qui nam ducimus sapiente facere vitae. Ullam nulla ducimus mollitia. Deserunt ducimus dicta reprehenderit.',0,1,'1983-03-06 02:10:53','1985-12-14 20:02:01'),(23,3,'Quibusdam voluptatem modi nobis qui possimus et.','Neque in reiciendis aliquid nostrum laboriosam sit. Voluptatem voluptatem nesciunt illo et odio dolor. Fugiat ipsam dolorem inventore. Animi quae deserunt iusto dolore voluptatibus enim reiciendis.',0,1,'1977-01-18 03:54:46','1982-08-28 01:05:49'),(24,3,'Alias libero nihil officia neque magni doloribus eum qui.','Qui officia dolor earum aut et qui. Ipsam deleniti tenetur est quia. Quia animi et necessitatibus sit enim quia repudiandae. Illo enim asperiores molestiae quisquam dolorem et omnis sint.',1,0,'1983-03-13 09:20:54','2013-04-05 15:39:07'),(25,1,'Amet sunt itaque explicabo et.','Nobis deleniti provident quia et culpa vel in. Qui quaerat nesciunt quo harum labore suscipit qui.',0,0,'1977-05-26 19:33:08','1991-02-16 08:12:57'),(26,2,'Voluptatibus aliquid pariatur a nisi consequatur enim.','Voluptas quasi sequi ratione iure in. Aut ut ea nisi aut. Qui in eveniet explicabo facere.',1,1,'1971-03-04 22:31:17','2015-11-12 03:34:30'),(27,1,'Quam quia minima ut a id.','Sed omnis voluptas perferendis enim veniam doloremque laudantium. Voluptas officia quis architecto. Provident et totam illo nemo cupiditate nam doloribus. Eos assumenda earum officia optio aperiam placeat.',0,0,'1993-05-03 11:37:55','2007-12-15 02:09:12'),(28,4,'Rem harum sed neque vitae odio sed est minima.','Voluptas veritatis illum reprehenderit optio omnis. Vitae enim ad culpa molestiae similique. Nesciunt fugiat quam temporibus id voluptatem. Odio ullam fugiat neque.',1,0,'1992-05-16 01:09:59','2003-02-04 12:12:56'),(29,3,'Nam ipsam id magnam porro molestias.','Dolorem rerum molestias incidunt nostrum omnis facere qui distinctio. Et omnis architecto laudantium nam vero. Rerum nemo pariatur sunt dolores ex quo.',1,0,'1986-05-04 00:55:17','2014-11-23 17:20:45'),(30,1,'Eius molestias quidem dicta error ad aliquam.','Et tempora sed aut neque et. Autem maiores fugiat officia sit. Velit quisquam nihil ut.',1,1,'1993-04-27 00:14:09','2020-04-27 20:38:48');
/*!40000 ALTER TABLE `news` ENABLE KEYS */;
UNLOCK TABLES;
/*!50003 SET @saved_cs_client      = @@character_set_client */ ;
/*!50003 SET @saved_cs_results     = @@character_set_results */ ;
/*!50003 SET @saved_col_connection = @@collation_connection */ ;
/*!50003 SET character_set_client  = utf8mb4 */ ;
/*!50003 SET character_set_results = utf8mb4 */ ;
/*!50003 SET collation_connection  = utf8mb4_0900_ai_ci */ ;
/*!50003 SET @saved_sql_mode       = @@sql_mode */ ;
/*!50003 SET sql_mode              = 'ONLY_FULL_GROUP_BY,STRICT_TRANS_TABLES,NO_ZERO_IN_DATE,NO_ZERO_DATE,ERROR_FOR_DIVISION_BY_ZERO,NO_ENGINE_SUBSTITUTION' */ ;
DELIMITER ;;
/*!50003 CREATE*/ /*!50017 DEFINER=`user`@`%`*/ /*!50003 TRIGGER `validate_is_public_archived_insert` BEFORE INSERT ON `news` FOR EACH ROW BEGIN
  IF NEW.is_public = 1 AND NEW.is_archived = 1 THEN
    SIGNAL SQLSTATE '45000'
    SET MESSAGE_TEXT = 'Cannot INSERT if is_public=1 & is_archived=1 in the same time';
  END IF;
END */;;
DELIMITER ;
/*!50003 SET sql_mode              = @saved_sql_mode */ ;
/*!50003 SET character_set_client  = @saved_cs_client */ ;
/*!50003 SET character_set_results = @saved_cs_results */ ;
/*!50003 SET collation_connection  = @saved_col_connection */ ;
/*!50003 SET @saved_cs_client      = @@character_set_client */ ;
/*!50003 SET @saved_cs_results     = @@character_set_results */ ;
/*!50003 SET @saved_col_connection = @@collation_connection */ ;
/*!50003 SET character_set_client  = utf8mb4 */ ;
/*!50003 SET character_set_results = utf8mb4 */ ;
/*!50003 SET collation_connection  = utf8mb4_0900_ai_ci */ ;
/*!50003 SET @saved_sql_mode       = @@sql_mode */ ;
/*!50003 SET sql_mode              = 'ONLY_FULL_GROUP_BY,STRICT_TRANS_TABLES,NO_ZERO_IN_DATE,NO_ZERO_DATE,ERROR_FOR_DIVISION_BY_ZERO,NO_ENGINE_SUBSTITUTION' */ ;
DELIMITER ;;
/*!50003 CREATE*/ /*!50017 DEFINER=`user`@`%`*/ /*!50003 TRIGGER `validate_is_public_archived_update` BEFORE UPDATE ON `news` FOR EACH ROW BEGIN
  IF NEW.is_public = 1 AND NEW.is_archived = 1 THEN
    SIGNAL SQLSTATE '45000'
    SET MESSAGE_TEXT = 'Cannot INSERT if is_public=1 & is_archived=1 in the same time';
  END IF;
END */;;
DELIMITER ;
/*!50003 SET sql_mode              = @saved_sql_mode */ ;
/*!50003 SET character_set_client  = @saved_cs_client */ ;
/*!50003 SET character_set_results = @saved_cs_results */ ;
/*!50003 SET collation_connection  = @saved_col_connection */ ;

--
-- Table structure for table `order_products`
--

DROP TABLE IF EXISTS `order_products`;
/*!40101 SET @saved_cs_client     = @@character_set_client */;
/*!50503 SET character_set_client = utf8mb4 */;
CREATE TABLE `order_products` (
  `id` bigint unsigned NOT NULL AUTO_INCREMENT COMMENT 'Идентификатор пользователя',
  `order_id` bigint unsigned DEFAULT NULL COMMENT 'Ссылка на заказ',
  `product_id` bigint unsigned DEFAULT NULL COMMENT 'Ссылка на товар',
  `product_quantity` int unsigned NOT NULL COMMENT 'Кол-во товара',
  PRIMARY KEY (`id`),
  KEY `order_products_fk_order_id` (`order_id`),
  KEY `order_products_fk_product_id` (`product_id`),
  CONSTRAINT `order_products_fk_order_id` FOREIGN KEY (`order_id`) REFERENCES `orders` (`id`) ON DELETE SET NULL,
  CONSTRAINT `order_products_fk_product_id` FOREIGN KEY (`product_id`) REFERENCES `products` (`id`) ON DELETE SET NULL
) ENGINE=InnoDB AUTO_INCREMENT=51 DEFAULT CHARSET=utf8mb4 COLLATE=utf8mb4_unicode_ci COMMENT='Заказы';
/*!40101 SET character_set_client = @saved_cs_client */;

--
-- Dumping data for table `order_products`
--

LOCK TABLES `order_products` WRITE;
/*!40000 ALTER TABLE `order_products` DISABLE KEYS */;
INSERT INTO `order_products` VALUES (1,39,71,1),(2,15,30,3),(3,7,36,1),(4,38,87,6),(5,23,32,9),(6,1,98,4),(7,32,93,9),(8,11,71,3),(9,6,78,8),(10,47,77,5),(11,19,53,4),(12,1,33,5),(13,47,5,4),(14,34,23,9),(15,29,3,7),(16,44,41,4),(17,36,1,5),(18,44,79,5),(19,15,95,4),(20,42,41,2),(21,18,15,6),(22,11,51,4),(23,3,12,9),(24,28,8,6),(25,34,99,2),(26,37,76,9),(27,32,80,9),(28,49,75,1),(29,49,35,3),(30,49,49,5),(31,1,41,9),(32,4,56,8),(33,17,58,8),(34,22,21,7),(35,11,33,3),(36,38,98,5),(37,8,94,4),(38,23,75,8),(39,44,95,2),(40,3,49,5),(41,30,61,7),(42,41,58,6),(43,16,8,2),(44,4,63,7),(45,23,94,4),(46,5,81,7),(47,2,24,1),(48,47,76,7),(49,29,8,3),(50,5,12,8);
/*!40000 ALTER TABLE `order_products` ENABLE KEYS */;
UNLOCK TABLES;

--
-- Table structure for table `orders`
--

DROP TABLE IF EXISTS `orders`;
/*!40101 SET @saved_cs_client     = @@character_set_client */;
/*!50503 SET character_set_client = utf8mb4 */;
CREATE TABLE `orders` (
  `id` bigint unsigned NOT NULL AUTO_INCREMENT COMMENT 'Идентификатор пользователя',
  `user_id` int unsigned NOT NULL COMMENT 'Ссылка на пользователя',
  `created_at` datetime DEFAULT CURRENT_TIMESTAMP COMMENT 'Время создания заказа',
  `updated_at` datetime DEFAULT CURRENT_TIMESTAMP ON UPDATE CURRENT_TIMESTAMP COMMENT 'Время обновления новости',
  PRIMARY KEY (`id`),
  KEY `orders_fk_user_id` (`user_id`),
  CONSTRAINT `orders_fk_user_id` FOREIGN KEY (`user_id`) REFERENCES `users` (`id`) ON DELETE CASCADE
) ENGINE=InnoDB AUTO_INCREMENT=51 DEFAULT CHARSET=utf8mb4 COLLATE=utf8mb4_unicode_ci COMMENT='Заказы';
/*!40101 SET character_set_client = @saved_cs_client */;

--
-- Dumping data for table `orders`
--

LOCK TABLES `orders` WRITE;
/*!40000 ALTER TABLE `orders` DISABLE KEYS */;
INSERT INTO `orders` VALUES (1,13,'1976-05-21 05:45:05','2019-04-13 14:55:27'),(2,1,'1981-04-01 01:01:27','1997-08-21 17:54:48'),(3,62,'1973-08-03 23:07:38','1993-04-26 16:34:53'),(4,9,'1975-04-02 22:37:50','1997-09-04 07:18:58'),(5,58,'1971-04-14 13:21:02','2014-10-12 07:27:05'),(6,62,'1973-12-23 02:17:41','1988-11-21 05:27:18'),(7,39,'1982-04-06 14:05:31','2012-12-14 07:05:08'),(8,9,'1981-11-18 01:55:31','1995-01-13 04:57:11'),(9,26,'2002-03-05 08:40:21','2017-12-14 13:26:09'),(10,5,'1981-04-19 21:51:28','2012-04-18 07:48:11'),(11,43,'1972-07-11 07:06:08','2010-01-20 04:30:19'),(12,2,'1985-05-12 23:02:04','2004-05-10 15:38:33'),(13,79,'1998-05-27 23:20:23','2010-11-03 13:16:35'),(14,92,'1971-11-15 10:15:18','1988-07-21 23:36:21'),(15,25,'2008-09-11 09:52:26','2013-04-20 00:30:19'),(16,46,'2003-02-11 01:24:08','2016-10-11 04:13:21'),(17,53,'1996-06-02 05:01:38','2012-10-26 00:26:53'),(18,30,'1971-06-21 20:27:17','2008-04-16 17:47:36'),(19,91,'1972-02-12 08:25:41','2016-04-15 12:48:43'),(20,65,'1973-11-26 18:14:35','1986-02-20 18:48:40'),(21,53,'1991-03-04 21:48:38','2013-10-28 18:50:15'),(22,68,'1984-09-02 00:51:23','2013-12-26 08:08:41'),(23,83,'1989-06-20 21:09:57','2004-03-29 08:34:18'),(24,10,'1986-11-28 09:37:35','2005-03-03 13:16:54'),(25,99,'1977-05-01 18:31:49','1990-09-15 23:10:59'),(26,67,'1990-12-26 12:39:11','2006-02-18 14:26:12'),(27,40,'1977-06-30 11:24:26','1996-11-09 10:51:04'),(28,96,'1979-11-13 17:05:51','1993-06-19 18:57:56'),(29,64,'1989-01-12 05:26:04','2008-01-07 19:14:44'),(30,31,'1998-07-13 09:58:01','2010-10-02 20:59:26'),(31,60,'1997-06-26 06:52:00','2003-06-22 00:27:24'),(32,7,'1992-04-06 16:13:34','1999-05-19 04:03:15'),(33,56,'1980-12-04 23:22:48','2012-09-30 20:38:16'),(34,58,'1973-09-26 17:30:46','2021-01-11 21:43:41'),(35,25,'1993-10-30 03:07:05','2018-03-20 16:02:04'),(36,50,'1974-01-06 15:10:53','2011-08-23 10:25:15'),(37,75,'1980-02-22 00:37:39','1998-04-02 07:34:27'),(38,24,'2003-03-27 03:48:50','2016-02-05 23:16:53'),(39,96,'2005-06-16 00:20:43','2007-03-09 19:51:45'),(40,10,'1975-11-19 20:56:42','1997-01-03 13:34:24'),(41,59,'1974-01-13 12:12:29','1977-11-02 22:15:04'),(42,67,'1972-04-23 02:44:52','2007-07-03 05:55:07'),(43,60,'2020-09-01 14:22:02','2020-09-03 14:24:21'),(44,96,'1973-08-24 07:15:07','1992-12-10 10:38:46'),(45,4,'1998-06-21 08:20:12','2005-06-10 08:00:05'),(46,28,'1972-11-14 07:27:50','2017-10-16 14:01:14'),(47,26,'1980-06-02 16:26:16','1981-01-16 20:19:18'),(48,49,'1972-10-06 04:19:54','1985-09-12 05:06:15'),(49,65,'1990-04-29 12:29:46','1990-08-27 07:23:54'),(50,79,'1988-11-22 02:05:51','2008-07-01 13:24:27');
/*!40000 ALTER TABLE `orders` ENABLE KEYS */;
UNLOCK TABLES;

--
-- Temporary view structure for view `popular_brands`
--

DROP TABLE IF EXISTS `popular_brands`;
/*!50001 DROP VIEW IF EXISTS `popular_brands`*/;
SET @saved_cs_client     = @@character_set_client;
/*!50503 SET character_set_client = utf8mb4 */;
/*!50001 CREATE VIEW `popular_brands` AS SELECT 
 1 AS `brand_id`,
 1 AS `s`,
 1 AS `name`*/;
SET character_set_client = @saved_cs_client;

--
-- Table structure for table `products`
--

DROP TABLE IF EXISTS `products`;
/*!40101 SET @saved_cs_client     = @@character_set_client */;
/*!50503 SET character_set_client = utf8mb4 */;
CREATE TABLE `products` (
  `id` bigint unsigned NOT NULL AUTO_INCREMENT COMMENT 'Идентификатор товара',
  `name` varchar(100) CHARACTER SET utf8 COLLATE utf8_bin DEFAULT NULL COMMENT 'Название товара',
  `description` text CHARACTER SET utf8 COLLATE utf8_bin COMMENT 'Описание',
  `price` decimal(11,2) DEFAULT NULL COMMENT 'Цена',
  `catalog_id` int unsigned DEFAULT NULL COMMENT 'Ссылка на раздел',
  `brand_id` int unsigned DEFAULT NULL COMMENT 'Ссылка на бренд',
  `created_at` datetime DEFAULT CURRENT_TIMESTAMP COMMENT 'Время создания товара',
  `updated_at` datetime DEFAULT CURRENT_TIMESTAMP ON UPDATE CURRENT_TIMESTAMP COMMENT 'Время обновления новости',
  PRIMARY KEY (`id`),
  UNIQUE KEY `id` (`id`),
  KEY `index_of_catalog_id` (`catalog_id`) USING BTREE,
  KEY `index_of_brand_id` (`brand_id`) USING BTREE,
  CONSTRAINT `products_fk_brand_id` FOREIGN KEY (`brand_id`) REFERENCES `brands` (`id`) ON DELETE CASCADE,
  CONSTRAINT `products_fk_catalog_id` FOREIGN KEY (`catalog_id`) REFERENCES `catalogs` (`id`) ON DELETE CASCADE
) ENGINE=InnoDB AUTO_INCREMENT=101 DEFAULT CHARSET=utf8mb4 COLLATE=utf8mb4_unicode_ci COMMENT='Таблица товаров';
/*!40101 SET character_set_client = @saved_cs_client */;

--
-- Dumping data for table `products`
--

LOCK TABLES `products` WRITE;
/*!40000 ALTER TABLE `products` DISABLE KEYS */;
INSERT INTO `products` VALUES (1,'fugiat','Dolor ratione occaecati aliquam sit sit laudantium ea eos. Repellat perferendis sapiente quasi animi aperiam fuga. Officia et dolor iste voluptas quam aut. Libero rem at non fugit ab dicta.',32307.00,1,1,'1986-02-04 18:59:33','1988-09-12 16:24:08'),(2,'nam','Vel nostrum sed et est et voluptatem id fugit. Aut ipsum qui consequatur. Molestiae tempora harum laborum est nihil modi.',903.00,2,2,'1980-03-07 16:02:21','1982-07-10 21:31:52'),(3,'aut','Aliquam officiis maiores adipisci reiciendis et. Nemo et deserunt ut libero laboriosam suscipit dolorem.',1102.60,3,3,'1995-08-03 06:00:15','2008-06-17 12:32:50'),(4,'dolores','Et odio aut doloribus assumenda aperiam earum hic. Non id officiis cumque non neque modi. Ex aliquam rerum harum sed tempore aut ut voluptatem. Totam nobis at aut voluptas esse dolore provident nemo.',72.99,4,4,'1986-07-26 20:33:43','1992-10-29 05:04:27'),(5,'odio','Vel eligendi veritatis deleniti explicabo beatae qui. Excepturi neque quia sed ut praesentium. Vel dolores expedita nobis nam quae.',8483.00,5,5,'2013-12-15 09:13:59','2020-10-02 02:35:29'),(6,'aut','Qui quia non est et quia quo. Ad ut non et sed. Et fuga et eligendi quaerat deserunt et est.',61675.11,6,6,'1997-04-10 04:42:42','2018-04-26 08:27:50'),(7,'iste','Delectus illo atque dolorem fugiat hic iure ullam saepe. Unde recusandae voluptatum et voluptatem necessitatibus qui omnis. Mollitia et accusantium quia.',1.51,7,7,'1973-06-01 21:34:30','1987-08-14 14:13:30'),(8,'culpa','Nostrum incidunt maxime quia eum quidem. Debitis occaecati in inventore enim. Est iste ex aut aut.',9555174.60,8,8,'2003-01-15 07:13:49','2013-11-22 03:26:10'),(9,'repudiandae','Sed iste ea et in ullam dolorem fugiat. Reprehenderit a praesentium architecto est et. Inventore culpa architecto aliquid animi doloribus. Nulla et molestiae consequatur id eaque est impedit.',176338.55,9,9,'1980-12-01 20:31:36','2008-09-27 19:40:01'),(10,'qui','Sint et sapiente ut quae sequi pariatur. Qui et sit ipsam accusamus repudiandae. Aut nesciunt aspernatur voluptatem. Exercitationem aliquam fuga aut amet possimus dolor repellendus.',330.43,10,10,'2001-08-02 17:35:14','2008-09-02 07:21:29'),(11,'reiciendis','Beatae laudantium sunt fugiat modi maxime. Mollitia sunt sunt soluta harum. Tempore cum aut enim quia sed excepturi. Non dicta tempora quibusdam est nihil omnis amet. Occaecati delectus ipsum voluptates excepturi ut.',3175113.66,1,11,'1971-12-30 07:23:31','2017-03-15 05:12:14'),(12,'alias','Assumenda qui et omnis sint aperiam quia et eum. Et ea laboriosam eligendi fugit amet illo ipsa ex. Rerum omnis possimus ut quidem mollitia deleniti id. Aperiam est quaerat occaecati suscipit adipisci at debitis.',34136.00,2,12,'1972-01-30 12:39:36','1999-09-15 15:54:00'),(13,'nobis','Aut omnis aspernatur magnam dolore delectus ipsa sed neque. Et repellendus suscipit itaque ex odit veniam dolorem saepe. Excepturi hic quaerat est est voluptas amet accusamus.',294713982.06,3,13,'1994-08-17 09:02:11','1996-03-03 17:18:09'),(14,'vel','Est sint nam eaque blanditiis omnis aut. Ea labore unde iusto veniam et voluptas. Sint quia fugit magnam minima. Est blanditiis possimus impedit debitis.',1304297.58,4,14,'2003-08-13 20:46:22','2011-03-29 05:35:17'),(15,'ipsam','Velit nesciunt velit facilis suscipit. Et fugit libero rerum recusandae id occaecati. Ut velit nisi dolores id. Dolorem dolorem nemo ea.',45132.00,5,15,'1990-12-31 07:50:12','2003-02-12 11:00:57'),(16,'corrupti','Eum autem deserunt velit temporibus et voluptatem impedit sapiente. Nemo deserunt molestiae et dicta minima velit quibusdam. Accusamus cupiditate eveniet perferendis quam molestiae. Modi quia sit voluptas eum. Est neque minima hic enim ex qui unde.',577.94,6,1,'1986-03-21 23:51:14','1989-12-17 19:20:03'),(17,'cum','Ea assumenda qui quo ratione ipsa unde dolor qui. Pariatur iste consequuntur dicta consequuntur. Reprehenderit quod sint necessitatibus doloremque quia.',1.10,7,2,'1979-06-03 16:52:02','1980-11-23 02:48:48'),(18,'id','Optio ipsum dicta vel quod. Vitae inventore vero voluptas. Esse vitae sunt veritatis et voluptate expedita fugit.',2455.00,8,3,'2001-06-16 05:43:38','2016-11-19 04:49:50'),(19,'cumque','Vero quia quibusdam sit aliquid. Nostrum quis est ut sit illum. Velit debitis magnam at et explicabo dolor quam. Non consequatur iure dolorem praesentium et.',2097318.50,9,4,'1982-08-15 12:50:24','1994-05-06 12:53:53'),(20,'quas','Numquam quisquam ullam adipisci. Consequatur perspiciatis aut earum ipsam eos. Earum enim ex libero doloremque nostrum perferendis perferendis.',1295568.61,10,5,'1972-05-24 20:06:30','2010-11-24 13:34:01'),(21,'laboriosam','Ut omnis consequatur quia minus est id. Aut accusamus ab occaecati unde et aliquid sed. Non hic quia nemo debitis inventore. Voluptatem illo aut id.',1203.24,1,6,'1989-06-18 01:51:27','1991-09-22 11:58:39'),(22,'labore','Dicta error vero itaque quas porro est. Laboriosam consequatur non ratione id.',23152.00,2,7,'1984-04-10 06:31:22','2006-05-25 23:13:39'),(23,'ducimus','Ipsum aliquid fugit vel libero illum. Corporis dignissimos eligendi tenetur. Asperiores accusamus enim atque hic qui quia.',80267.00,3,8,'1984-07-15 23:14:01','2004-10-09 21:53:01'),(24,'placeat','Porro eveniet deserunt vero tenetur et unde. Rem vitae non aut. Eius consequatur cumque veritatis et quis delectus voluptatem.',10.34,4,9,'1982-04-26 18:04:23','2002-04-05 15:06:12'),(25,'dolorem','Similique omnis cupiditate molestias modi blanditiis voluptas. Enim iure itaque autem voluptas harum ea et. Aut eaque eos vitae et quo aut. Quos et sint ut quasi rerum labore natus consequatur.',1.14,5,10,'1985-09-25 01:48:03','2009-01-23 06:18:28'),(26,'nulla','Eum qui et sint aut. Ea quia voluptas porro tenetur neque officiis iure. Cumque velit vero sed est dolor quisquam error voluptatem. Aliquam aut beatae perferendis quidem cumque.',9982071.23,6,11,'1993-08-21 12:25:34','2011-05-13 20:57:29'),(27,'ullam','Nostrum dignissimos dolor quisquam omnis aut nihil adipisci aliquid. Quas temporibus libero non molestiae molestias. Voluptatem dignissimos et ipsam a ullam. Sed blanditiis est minima consequuntur nihil.',1945.83,7,12,'2001-10-06 15:36:32','2013-01-21 02:27:10'),(28,'incidunt','Qui ducimus voluptas quae quam enim blanditiis. Minus harum tempora eos corporis nulla. Totam ad autem adipisci ullam quisquam. Nihil corrupti quidem repellat non praesentium ut voluptas.',4.48,8,13,'1987-10-20 09:15:00','2011-06-30 19:32:59'),(29,'hic','Nulla quas sed accusantium voluptatibus tempora assumenda. Repudiandae vero qui aliquid libero. Mollitia odit est eum possimus ipsum quod ex eligendi. Odio nemo itaque voluptatibus dolores nobis.',2.27,9,14,'1974-02-18 15:18:44','2003-01-02 22:31:36'),(30,'rerum','Placeat consequatur blanditiis iure voluptates. Maxime excepturi et atque voluptatibus voluptatem doloremque. Molestiae qui nostrum dolorem autem adipisci. Et qui neque molestiae commodi aut ut. Ullam nihil soluta ullam assumenda exercitationem aut.',2.77,10,15,'1970-07-06 00:27:51','2012-11-12 04:28:01'),(31,'laborum','Voluptatibus sunt aperiam incidunt libero magnam enim. Deserunt nihil aut corporis. Porro et repellendus aperiam et harum qui aspernatur. Aut consequatur laborum molestiae et.',88118497.21,1,1,'1978-08-21 10:18:37','2007-01-31 12:59:20'),(32,'odit','Iure et enim nihil mollitia aspernatur voluptas. Sit illum qui sed deserunt dolor mollitia aut. Dolores facere odio libero.',3.45,2,2,'1970-03-30 00:43:25','1985-04-04 06:31:59'),(33,'natus','Dicta et ipsam ut omnis architecto laborum repellendus. Sequi ut aliquam consequatur facere minima temporibus molestiae. Repellendus reprehenderit est quaerat voluptas possimus. In saepe delectus molestiae repellendus eos corrupti.',37733471.19,3,3,'1999-11-29 02:22:32','2004-05-25 13:44:56'),(34,'quia','Qui eum eum maxime dolor. Quibusdam possimus perferendis ut. Voluptas neque velit et sed.',163293.17,4,4,'1970-10-18 18:40:39','1995-10-23 08:03:01'),(35,'voluptas','Rem quo voluptas sint ea in voluptas. Soluta adipisci dicta neque ut. Debitis id inventore officia est exercitationem.',419.31,5,5,'2008-03-31 05:50:07','2010-09-11 05:21:14'),(36,'ipsa','Et dicta consequuntur quia vero nulla necessitatibus dicta. Et id cupiditate molestiae exercitationem ut. Saepe aliquid sed possimus et voluptatem.',1.66,6,6,'1993-08-14 13:00:34','2004-04-10 16:22:59'),(37,'dolor','Reprehenderit quis mollitia sed veritatis et placeat sequi. Dignissimos est quos quas voluptatem sit amet. Consequatur ut consequatur quasi perferendis ut sint. Eum voluptas repudiandae iusto dolor et.',31777.00,7,7,'1979-08-20 02:53:48','2001-08-20 06:34:59'),(38,'dolorem','Itaque aspernatur ut sit sed enim pariatur aut. Ut dolorem dolorem sapiente iste. Molestiae ut ipsa facilis voluptatum sint hic. Doloremque ducimus ducimus non accusamus ut dolor. Praesentium sequi voluptas quo omnis.',270.53,8,8,'1974-11-16 08:27:47','1981-06-29 09:47:34'),(39,'sequi','Illo pariatur distinctio aut hic. Ducimus ut et corrupti atque laudantium et assumenda. Voluptas repellat amet natus. Minus cum placeat quidem voluptates voluptas. Officia minima illum rem.',100574923.33,9,9,'1984-04-28 00:33:42','2020-02-23 06:09:14'),(40,'quia','Vitae dicta debitis quos deserunt qui. Velit aperiam impedit quaerat velit.',57.61,10,10,'1985-08-13 17:13:30','1992-02-21 02:53:37'),(41,'consectetur','Et nulla autem hic et exercitationem. Aliquid ducimus et occaecati voluptatem. Beatae saepe quia minima minus voluptatum voluptate expedita. Sunt doloremque sint omnis natus tempora reprehenderit rerum.',4458.76,1,11,'1983-03-23 17:09:19','2007-09-23 06:12:25'),(42,'ullam','Qui aut quaerat maxime consequatur nulla. Fuga illo ad sunt provident facere ullam. Explicabo illo est nihil. Fuga est fugiat animi ut.',9482.14,2,12,'1994-10-28 16:12:15','2002-04-20 09:45:42'),(43,'earum','Assumenda quas ipsum facilis inventore. Temporibus nemo dolorem ullam quo. Ab voluptatem quaerat necessitatibus consequatur.',31.66,3,13,'1997-01-23 17:51:19','2020-06-03 09:12:06'),(44,'veritatis','Animi in asperiores magni sint sint et. A non in nostrum qui officia corrupti. Non nobis reiciendis ex aut neque ducimus.',5016.90,4,14,'2001-08-28 12:40:14','2005-08-13 22:36:43'),(45,'a','Qui voluptatem saepe rerum quisquam ab. Sed odio ullam est sed alias impedit est. Sint corrupti adipisci quod numquam consequatur quia perferendis. Tempora ipsam occaecati eos rerum voluptatem possimus ipsum.',17985.00,5,15,'1986-12-23 16:11:46','2009-04-25 17:57:26'),(46,'dolores','Dicta repellendus molestiae laborum aut accusamus voluptas. Aut sit labore dolor iure perspiciatis. Ut temporibus corporis atque debitis aliquam modi quae. Sed labore vel quia fuga quos consequatur qui non.',2.01,6,1,'1972-01-10 13:10:03','2004-07-07 21:32:30'),(47,'qui','Aut expedita enim eveniet qui quam ut numquam. Quam voluptatem facere impedit eos. Tempora asperiores maxime qui voluptatum omnis voluptates. Rerum sed est necessitatibus dicta voluptas quia.',9.90,7,2,'1996-04-14 08:54:53','2014-09-04 06:54:15'),(48,'dolor','Non delectus aliquid dolores voluptas distinctio sed dignissimos. Recusandae sint quos sapiente aliquam soluta.',15660323.83,8,3,'1993-04-23 22:00:06','2014-11-23 17:09:06'),(49,'necessitatibus','Vel distinctio adipisci perspiciatis ratione omnis hic. Accusamus aut pariatur id. Totam adipisci eius iusto ratione itaque et. Quos necessitatibus ab et nobis voluptas possimus nobis.',97067.21,9,4,'1970-12-30 22:05:48','2000-12-22 14:36:20'),(50,'sunt','Odio eum dolore vel cupiditate quibusdam tempora. Voluptates nisi et odio officia voluptas. Quaerat quia quam omnis minus omnis eos laborum.',155819826.59,10,5,'1987-06-02 16:26:06','1991-08-19 14:33:54'),(51,'dolores','Necessitatibus beatae praesentium qui rem totam eos. Dolorum vel architecto possimus iure rerum voluptatem. Aperiam nihil delectus voluptatibus placeat perferendis.',98.52,1,6,'1972-07-07 18:12:39','2006-04-23 11:26:27'),(52,'quis','Ab eos deleniti et qui deleniti. Velit inventore aut quos deserunt eveniet et explicabo. Aut nesciunt ab aut atque molestias iste quas.',177137344.92,2,7,'1984-03-05 01:21:55','1999-03-11 22:01:29'),(53,'et','Natus neque dolore doloremque impedit fugiat tenetur. Iusto in illo facilis iure id minus. Ut facilis quos reiciendis. Et sed voluptas incidunt voluptatem dolorem.',25343.33,3,8,'1979-07-10 04:14:42','2003-07-31 00:43:06'),(54,'officia','Excepturi vel eaque dolor officiis et commodi voluptates ratione. Esse ducimus quas nihil dignissimos. Sed et omnis ea consequatur quisquam deserunt quos. Quo ut eius nostrum delectus omnis qui doloremque.',3227995.38,4,9,'1978-05-21 23:13:45','2017-07-02 23:06:58'),(55,'vel','Unde eligendi dolores id quasi sit quis. Sint eum eligendi consectetur. Qui perferendis ab veniam dolore sint est.',411960.17,5,10,'1972-03-20 18:54:18','2019-02-17 06:42:42'),(56,'deserunt','Aperiam quia nostrum ut totam. Dolor eius reprehenderit impedit vitae error et. Non officia nemo molestiae qui ut.',94494.00,6,11,'1985-10-28 22:25:40','2018-12-01 15:36:23'),(57,'est','Qui dignissimos sunt quaerat eos. Harum possimus explicabo aspernatur amet doloribus consequuntur. Eos eos provident praesentium.',7367920.89,7,12,'1998-07-30 09:10:30','2016-11-28 22:33:33'),(58,'ipsum','A illo earum unde laboriosam nihil fugiat. Possimus sed officia nulla sed. Excepturi rem est perspiciatis aperiam culpa inventore inventore.',283990711.38,8,13,'1979-10-18 03:29:46','2020-04-23 18:27:04'),(59,'adipisci','Nobis numquam nulla optio enim sunt suscipit. Et hic voluptas repudiandae ratione amet commodi. Et et numquam voluptate quas ipsa eveniet. Repudiandae aut laboriosam eos praesentium optio voluptatem.',784.90,9,14,'1999-11-21 04:42:33','2008-07-19 04:49:43'),(60,'ullam','Nihil repellat ab qui ex necessitatibus aut. Dolor veritatis nobis veniam culpa cumque voluptates et. Id qui et est velit quidem quidem rem quisquam. A nihil numquam voluptatum enim eos.',70.65,10,15,'1971-12-06 12:58:21','1996-12-01 16:03:13'),(61,'neque','Sed at dolorem omnis pariatur ea ipsum voluptates. Et tenetur porro necessitatibus id ut. Nulla eaque iusto omnis quo. Aperiam dolorem ex nam non et rerum optio. At ut perferendis enim dolorem.',5465.30,1,1,'1983-02-10 08:01:15','1998-08-29 14:59:11'),(62,'error','Eos doloribus sed in temporibus dolorem totam. Maxime voluptatem voluptatem fugit ut possimus aut voluptas. Non sed odit ea excepturi ut mollitia. Ut neque eos harum excepturi suscipit et minima. Animi alias dolorem voluptas at.',371.58,2,2,'1976-08-18 17:42:09','2018-08-16 20:05:06'),(63,'quia','Sunt quibusdam nobis illum asperiores. Animi temporibus nulla aut ducimus animi doloremque commodi. Fuga nemo doloribus quos quod molestiae minima eum voluptas.',19050.00,3,3,'1988-04-10 02:53:38','1990-01-01 11:08:07'),(64,'totam','Praesentium autem qui officiis quae reprehenderit. Aut corrupti qui ea est ad. Voluptatem ullam ratione repellendus atque facilis molestiae reiciendis.',1185.80,4,4,'1990-07-15 13:18:47','1998-07-24 21:22:42'),(65,'et','Perspiciatis quis praesentium repellat illo cumque. Consectetur eveniet et autem voluptatem occaecati voluptatum libero. Quas quis explicabo tenetur eum sit minima.',2504.64,5,5,'1974-06-02 15:30:34','2011-12-08 12:27:02'),(66,'ut','Soluta modi ab vitae qui modi. Architecto soluta in eum aut. Officiis consequatur omnis voluptas corrupti fuga perspiciatis voluptas.',3.94,6,6,'1977-10-20 04:49:19','1980-05-22 15:32:06'),(67,'perspiciatis','Officia veritatis asperiores quis quam voluptas et eaque. Voluptatibus odit hic ut cumque illo. Nam nam unde qui deserunt cupiditate et sint consectetur.',289859.68,7,7,'1979-03-10 12:34:49','1987-10-06 04:53:43'),(68,'et','Facilis in sunt voluptate eum necessitatibus labore sequi. Soluta non eos quisquam. Et at placeat culpa quas sint occaecati non.',3681.18,8,8,'1997-03-21 17:58:01','2016-11-18 07:19:09'),(69,'cum','Et molestiae quod quae eaque. Laudantium suscipit velit occaecati ut rem dolor animi. Voluptate voluptatum quis nam aperiam sit et repudiandae. Eligendi laboriosam rerum nihil.',3.00,9,9,'1971-03-16 11:06:46','2005-10-24 23:35:19'),(70,'non','Id culpa id sint dolores autem et. Voluptatem sit pariatur rerum similique nesciunt. Veniam voluptates voluptates eos sapiente eum quasi vitae quo. Omnis voluptates animi provident rerum perspiciatis.',23753.23,10,10,'1970-11-18 05:08:53','1976-01-12 07:29:22'),(71,'saepe','Omnis veniam et quaerat ab non voluptatem a. Dolorem quasi nostrum in tempore et at. Tempore voluptatem quasi vitae. Sed eos consequatur iste et corrupti.',51889.00,1,11,'1990-11-17 21:03:13','1997-01-05 03:21:16'),(72,'est','Similique possimus suscipit tempore aliquid et aut id. Quas consequuntur maxime ex doloribus. Est libero et consectetur voluptatem.',7942.91,2,12,'1984-02-19 01:22:42','1985-03-10 23:41:31'),(73,'ut','Soluta voluptas enim labore deleniti qui voluptates delectus. Nam et qui eaque nam iste temporibus. Praesentium sed praesentium a occaecati ratione id.',817183.22,3,13,'1984-03-31 17:39:49','1997-01-12 16:11:08'),(74,'voluptate','Nobis ut possimus asperiores atque quas. Voluptate enim in cupiditate. In nostrum est qui qui ullam. Beatae dolorem esse et quia recusandae id.',447091229.91,4,14,'1984-06-29 02:41:15','2013-04-22 19:50:14'),(75,'dolorem','Pariatur beatae qui doloribus et laboriosam quae. Laborum corrupti non ipsam expedita magni. Rerum et itaque voluptas voluptatem est unde facilis.',27.55,5,15,'1980-10-22 06:18:54','1983-03-10 12:57:58'),(76,'enim','Quas dicta sit aut quis non. Saepe corrupti eveniet dolor esse et asperiores itaque.',26847.44,6,1,'1985-11-29 19:30:23','1993-02-26 07:50:18'),(77,'accusantium','Dolorem aliquid et blanditiis perferendis. Consequatur enim saepe quidem dolore eius dolores ducimus voluptatum. Nobis est quia excepturi voluptatum.',20634923.00,7,2,'1983-05-14 16:22:29','2004-05-31 19:48:29'),(78,'nulla','Molestiae veniam non nulla voluptatibus facilis rerum saepe in. Aperiam commodi consectetur tempora. Suscipit quia tempore neque voluptatibus assumenda. Quidem ab tempora velit ut sit tempore.',36.48,8,3,'1990-12-07 00:17:41','2006-06-17 16:38:29'),(79,'consequatur','Magnam necessitatibus numquam non dolor. Culpa explicabo autem praesentium sunt velit.',26619.19,9,4,'1971-06-11 17:53:46','1972-11-20 08:10:04'),(80,'facere','Eius officiis ea commodi dolorem nulla velit. Dolorum officia odio consequatur molestias est. Rerum animi id omnis sit quasi sed.',5.64,10,5,'1971-06-16 22:46:00','2007-12-03 09:27:35'),(81,'est','Quo aut dignissimos laborum nisi in. Neque minima dolores officiis dignissimos dolor officiis neque. Voluptatibus sit pariatur ut quis. Sit magni possimus et eos atque asperiores.',109836.44,1,6,'1979-12-27 20:19:14','1994-06-14 19:03:53'),(82,'amet','Laborum itaque deserunt nobis eveniet. Nostrum et consequatur quo sapiente. Consequatur totam incidunt dolores dolor nulla qui qui. Minus magni ipsa hic repudiandae iste. Necessitatibus quibusdam eius quas consectetur cumque quibusdam.',18418.00,2,7,'1979-07-08 19:40:11','1979-08-03 07:27:58'),(83,'et','Quis optio sit voluptas unde. Eligendi incidunt ut aut quas aut doloribus. Accusantium voluptatum nemo pariatur occaecati quo iste.',34.16,3,8,'1991-08-10 03:06:13','2003-06-21 04:50:51'),(84,'et','Delectus quasi reprehenderit harum molestiae est est. Rerum error esse saepe reprehenderit omnis repellat illo. Fuga repellat aperiam quibusdam et.',3.31,4,9,'1990-02-25 04:34:29','2007-11-12 07:21:30'),(85,'earum','Quaerat suscipit at eos reprehenderit ea. Minus ea autem dignissimos possimus deleniti quia accusantium. Rerum fugiat sit nostrum est modi qui.',8506.00,5,10,'1987-02-15 21:56:47','1987-04-16 07:37:09'),(86,'laborum','Architecto ducimus facilis earum culpa. Earum doloribus omnis et. Cumque aut consectetur fuga eius est necessitatibus aut unde.',87178.00,6,11,'1978-01-18 04:00:53','1979-05-11 22:36:31'),(87,'reiciendis','Neque perferendis et quia assumenda. Et cupiditate nihil eveniet sequi. Maiores rem at deleniti veritatis accusantium. Reiciendis ea reiciendis delectus.',119.52,7,12,'1987-08-08 05:19:53','2008-01-03 06:25:38'),(88,'impedit','Nam libero laudantium et rem. Molestias vero unde adipisci iusto possimus dolore suscipit. Odio et eum vero dolore. Et qui culpa quibusdam sunt.',34.00,8,13,'1973-11-09 10:57:04','2003-09-01 07:05:10'),(89,'similique','Voluptatem iure ea sit rem deserunt. Non nobis sapiente at eos. Non deserunt non velit accusamus. Omnis eligendi odit et magni quo id.',974.00,9,14,'1985-01-10 05:07:07','2012-06-09 04:25:28'),(90,'maxime','Voluptates ut alias excepturi ut. Consequatur voluptas eos laudantium eos tempore ut quia. Veniam quia error aperiam id eum sint. Neque voluptas voluptates facere dignissimos at assumenda occaecati.',71955496.47,10,15,'2010-09-25 06:36:12','2013-01-14 18:49:58'),(91,'quia','Repellat sequi soluta hic eum dolorem qui minus voluptas. Asperiores et error incidunt qui ipsam. Ullam culpa et ipsa. Ad ea non sed a nulla voluptatem.',1491587.69,1,1,'1972-01-15 15:06:41','1996-07-18 00:20:59'),(92,'distinctio','Facilis corporis deleniti mollitia dolor tempora veritatis quae. Ad autem quis illo dolor. Laboriosam sit qui officiis et. Molestiae nesciunt rerum velit libero hic blanditiis.',102089464.50,2,2,'1975-06-04 06:17:01','1987-05-24 07:56:18'),(93,'ducimus','Sed in quia quo qui. Voluptates odit et voluptatem. Quis error voluptatem veniam similique et ducimus. Facere quas totam ut sit dignissimos sunt.',27953013.83,3,3,'1993-08-23 13:31:55','2016-07-20 03:43:34'),(94,'cum','Quis qui repudiandae magni illo qui voluptatem. Est accusantium deserunt nisi ut sed. Consequatur enim est tenetur dignissimos. Et autem voluptatibus quis cupiditate.',1505.10,4,4,'1972-06-12 23:02:55','2005-11-29 18:43:39'),(95,'aut','Enim modi autem commodi est ipsa vel. Consequatur commodi facilis quis molestias. Voluptatem voluptatem voluptatem et. Ea voluptatem officiis sit cum est veniam deserunt. Et qui maiores harum velit.',65.08,5,5,'1977-01-17 17:47:19','2009-02-07 23:01:49'),(96,'sit','Aut nobis molestiae vel est est et vel. Vero laborum dolorem repudiandae cupiditate est. Nemo dicta dolores et nulla nisi porro sit.',578993.75,6,6,'1975-02-23 09:29:39','2012-12-27 12:36:10'),(97,'deserunt','Enim quo praesentium sit fugit consequuntur doloribus delectus aspernatur. Magnam debitis aliquam expedita sunt amet esse. Ut tempora id dolorem inventore sed qui nulla. Quod ea mollitia ex et et iste.',396779040.91,7,7,'1984-02-05 21:13:50','2020-04-24 07:25:02'),(98,'neque','Impedit id id nobis ducimus. Sit et dignissimos quo quis aut consequuntur neque. Ratione fugiat omnis iusto laboriosam ex nihil quia facere.',56.09,8,8,'1987-09-04 21:37:00','1994-09-12 19:42:11'),(99,'dolorum','Hic et dicta quidem voluptatem voluptatibus. Sit molestiae architecto sapiente architecto. Similique nostrum totam est expedita a quos enim. Ratione at exercitationem voluptas aut.',23672.00,9,9,'1979-03-06 01:02:36','2013-10-31 21:08:17'),(100,'dolorem','Est unde eum non est. Nihil voluptas modi error voluptas ab quis cumque. Esse aliquid voluptas provident est aliquam eos quia. Sunt eius architecto laudantium ut. Minima nihil dignissimos et sit esse.',1771.66,10,10,'1976-01-28 13:57:03','1976-11-07 04:49:49');
/*!40000 ALTER TABLE `products` ENABLE KEYS */;
UNLOCK TABLES;

--
-- Table structure for table `related_products`
--

DROP TABLE IF EXISTS `related_products`;
/*!40101 SET @saved_cs_client     = @@character_set_client */;
/*!50503 SET character_set_client = utf8mb4 */;
CREATE TABLE `related_products` (
  `id` bigint unsigned NOT NULL AUTO_INCREMENT COMMENT 'Идентификатор характеристики',
  `product_id` bigint unsigned NOT NULL COMMENT 'Идентификатор товара для характеристики',
  `created_at` datetime DEFAULT CURRENT_TIMESTAMP COMMENT 'Время создания характеристики',
  `updated_at` datetime DEFAULT CURRENT_TIMESTAMP ON UPDATE CURRENT_TIMESTAMP COMMENT 'Время обновления новости',
  PRIMARY KEY (`id`),
  KEY `related_products_fk_product_id` (`product_id`),
  CONSTRAINT `related_products_fk_product_id` FOREIGN KEY (`product_id`) REFERENCES `products` (`id`) ON DELETE CASCADE
) ENGINE=InnoDB AUTO_INCREMENT=31 DEFAULT CHARSET=utf8mb4 COLLATE=utf8mb4_unicode_ci COMMENT='Связанные товары';
/*!40101 SET character_set_client = @saved_cs_client */;

--
-- Dumping data for table `related_products`
--

LOCK TABLES `related_products` WRITE;
/*!40000 ALTER TABLE `related_products` DISABLE KEYS */;
INSERT INTO `related_products` VALUES (1,77,'1973-09-30 09:16:44','2010-11-04 12:50:57'),(2,65,'1971-03-27 23:10:11','1973-12-01 22:09:16'),(3,93,'1997-12-03 03:05:44','2000-10-10 04:46:52'),(4,73,'1989-01-17 08:04:35','1999-04-18 09:01:16'),(5,83,'1979-02-24 11:44:02','2004-07-15 04:31:06'),(6,96,'1974-05-13 18:10:18','2008-08-20 17:35:20'),(7,34,'2001-09-17 08:28:10','2014-06-11 21:32:02'),(8,77,'1974-10-08 16:15:03','1992-07-22 18:58:25'),(9,87,'1979-09-03 11:07:03','2000-06-24 19:08:52'),(10,4,'1984-07-02 11:42:29','1984-12-20 23:03:06'),(11,58,'1971-08-30 18:44:31','1998-05-04 20:00:30'),(12,76,'1986-04-22 18:31:29','2020-10-15 16:16:53'),(13,9,'1972-03-30 09:05:10','1989-03-01 07:24:51'),(14,17,'1994-04-05 02:35:21','2008-06-03 09:28:50'),(15,54,'1972-12-30 15:20:15','2018-01-06 05:03:37'),(16,21,'1974-04-08 16:21:36','1988-01-03 20:23:42'),(17,40,'2015-06-05 18:17:02','2020-06-10 11:03:53'),(18,41,'1972-12-27 23:37:07','2007-08-15 13:03:05'),(19,82,'1983-05-26 08:29:09','2012-07-20 06:12:52'),(20,91,'2010-08-23 22:28:40','2020-09-29 02:45:02'),(21,7,'1975-09-30 00:43:15','2015-03-26 21:38:52'),(22,61,'1978-04-06 15:38:51','2010-08-26 20:09:45'),(23,83,'1970-06-07 14:57:08','2012-08-16 00:11:42'),(24,35,'1981-02-25 03:50:14','2006-11-18 20:58:50'),(25,24,'1980-02-02 03:58:45','1988-05-06 16:16:23'),(26,15,'1996-10-02 04:54:25','2000-09-09 01:04:28'),(27,4,'1973-03-23 01:48:28','1993-03-16 23:24:24'),(28,71,'1983-03-29 08:42:50','1988-10-08 02:27:37'),(29,46,'2003-06-20 14:17:21','2016-04-24 13:14:10'),(30,18,'1975-09-24 15:15:37','1991-04-16 21:02:20');
/*!40000 ALTER TABLE `related_products` ENABLE KEYS */;
UNLOCK TABLES;

--
-- Table structure for table `requisites`
--

DROP TABLE IF EXISTS `requisites`;
/*!40101 SET @saved_cs_client     = @@character_set_client */;
/*!50503 SET character_set_client = utf8mb4 */;
CREATE TABLE `requisites` (
  `id` int unsigned NOT NULL AUTO_INCREMENT COMMENT 'Идентификатор реквизита',
  `user_id` int unsigned NOT NULL COMMENT 'Ссылка на пользователя',
  `address_id` int unsigned NOT NULL COMMENT 'Ссылка на адрес',
  `name` varchar(100) CHARACTER SET utf8mb4 COLLATE utf8mb4_unicode_ci NOT NULL COMMENT 'Название',
  `email` varchar(100) CHARACTER SET utf8mb4 COLLATE utf8mb4_unicode_ci NOT NULL COMMENT 'Почта',
  `phone` varchar(100) CHARACTER SET utf8mb4 COLLATE utf8mb4_unicode_ci DEFAULT NULL COMMENT 'Телефон',
  `main_state_registration_number` varchar(13) CHARACTER SET utf8mb4 COLLATE utf8mb4_unicode_ci NOT NULL COMMENT 'ОГРН',
  `taxpayer_identification_number` varchar(10) CHARACTER SET utf8mb4 COLLATE utf8mb4_unicode_ci DEFAULT NULL COMMENT 'ИНН',
  `reason_code_registration` varchar(9) CHARACTER SET utf8mb4 COLLATE utf8mb4_unicode_ci DEFAULT NULL COMMENT 'КПП',
  `created_at` datetime DEFAULT CURRENT_TIMESTAMP COMMENT 'Время создания реквизита',
  `updated_at` datetime DEFAULT CURRENT_TIMESTAMP ON UPDATE CURRENT_TIMESTAMP COMMENT 'Время обновления новости',
  PRIMARY KEY (`id`),
  KEY `requisites_fk_user_id` (`user_id`),
  KEY `requisites_fk_address_id` (`address_id`),
  CONSTRAINT `requisites_fk_address_id` FOREIGN KEY (`address_id`) REFERENCES `addresses` (`id`),
  CONSTRAINT `requisites_fk_user_id` FOREIGN KEY (`user_id`) REFERENCES `users` (`id`)
) ENGINE=InnoDB AUTO_INCREMENT=101 DEFAULT CHARSET=utf8mb4 COLLATE=utf8mb4_unicode_ci COMMENT='Адрес доставки';
/*!40101 SET character_set_client = @saved_cs_client */;

--
-- Dumping data for table `requisites`
--

LOCK TABLES `requisites` WRITE;
/*!40000 ALTER TABLE `requisites` DISABLE KEYS */;
INSERT INTO `requisites` VALUES (1,30,73,'est','jacobs.mason@example.net','(329)128-1442x21707','Nebraska','962','jgln','1996-07-13 14:38:52','2006-12-10 04:36:46'),(2,45,27,'quae','frida68@example.org','864-212-9805x771','NewYork','36801579','kfvc','1986-04-27 10:44:54','2015-03-11 06:36:50'),(3,35,13,'cum','roob.scot@example.net','109-172-7561x5780','SouthDakota','456345','hphe','1991-12-08 16:32:23','1996-12-09 01:39:38'),(4,38,83,'et','ruecker.eudora@example.org','+49(1)1482398894','SouthDakota','18906','biev','1970-08-01 05:24:03','1981-04-06 07:37:07'),(5,39,78,'eum','ugraham@example.net','(234)820-5849','Oregon','47840','ypvo','1981-06-06 16:23:53','2001-09-16 21:19:22'),(6,32,42,'laboriosam','kerluke.austin@example.com','(276)290-3746x97999','NewMexico','50','rtgg','1985-05-09 06:48:25','1988-02-14 18:41:40'),(7,39,75,'non','gabriella.walker@example.com','1-071-665-4906','Minnesota','144','iqsj','1974-05-15 14:34:16','2020-07-09 02:35:06'),(8,3,52,'est','elmore76@example.net','809.561.2967','NewYork','755800547','vcjj','1991-06-12 22:46:12','2004-04-12 14:58:12'),(9,45,33,'voluptas','wyman.ardith@example.net','01305592704','Hawaii','','btay','1986-01-10 03:59:52','2007-04-14 18:49:10'),(10,19,10,'quod','erodriguez@example.org','1-709-078-9952x785','Massachusetts','92940','xjib','1986-03-23 03:35:25','1990-10-15 09:00:45'),(11,10,50,'vitae','odickens@example.com','745.394.6104x46156','Hawaii','78064','pqwm','1988-01-06 10:38:56','1993-07-06 15:10:44'),(12,42,21,'blanditiis','gino17@example.org','1-760-774-8569','SouthDakota','','amxg','1990-01-14 14:46:23','2010-06-22 07:47:00'),(13,29,55,'aut','gparisian@example.com','04666496543','Maine','60516','mtco','1989-07-14 15:04:07','2005-04-23 04:14:55'),(14,22,12,'ipsa','rschneider@example.com','935-069-6797','Georgia','84','ivxg','1972-11-20 20:36:39','1985-07-17 00:15:35'),(15,20,92,'voluptates','pturcotte@example.net','335-226-3208','Louisiana','9','htfj','2009-08-14 21:27:37','2020-04-23 05:36:53'),(16,32,27,'quibusdam','champlin.ellen@example.net','1-471-496-0378','Idaho','909818531','eaxs','1978-06-05 03:56:34','1997-10-14 11:41:08'),(17,5,56,'consequatur','wkoelpin@example.org','525-842-7874','Connecticut','81331','gdds','1978-08-20 01:34:45','2015-08-15 19:44:23'),(18,26,2,'possimus','carli74@example.com','(926)572-4531x2293','Delaware','4','gwzd','1984-03-07 05:20:32','1994-02-16 01:59:19'),(19,16,41,'unde','johnston.valentine@example.org','082-656-5607x0833','Illinois','975','vjld','1976-03-12 20:32:14','2002-06-25 22:19:29'),(20,49,96,'quasi','rogers64@example.com','506-994-9605','Utah','2421','mkxj','1993-10-09 23:48:04','2003-10-27 17:00:01'),(21,2,63,'et','raynor.sigurd@example.org','502.329.5531x64873','Georgia','53','hkal','1978-02-20 10:29:59','2010-05-12 01:26:40'),(22,11,23,'aperiam','claire32@example.org','1-011-104-7819','Louisiana','64184','hnon','1986-03-01 02:50:56','2017-11-28 13:40:47'),(23,46,27,'deleniti','cali23@example.org','02916074361','Colorado','14','sfsn','1971-05-26 22:28:38','1972-08-28 06:39:21'),(24,49,64,'debitis','greyson.funk@example.net','618-867-8611','Georgia','5','rrfz','1983-08-26 06:13:01','1992-09-07 08:20:12'),(25,10,39,'fugit','kkreiger@example.net','1-760-819-6499x060','Oregon','229969','vrku','2019-04-18 21:52:26','2020-01-28 14:04:34'),(26,2,5,'qui','drau@example.com','(093)863-5989x831','Illinois','','dcqz','1983-10-16 23:07:24','2004-05-01 23:33:37'),(27,27,7,'sunt','elisabeth45@example.org','(784)657-9633x86481','Pennsylvania','7134','gpzq','2012-05-11 07:53:59','2020-04-26 01:28:01'),(28,32,17,'quod','fgutkowski@example.org','052.439.5155','Alaska','8238','kdtx','1984-01-24 21:55:00','2007-10-12 04:26:35'),(29,28,63,'autem','aaliyah23@example.net','(888)467-4943x53389','Delaware','272704483','qqyi','1995-07-22 07:34:53','2018-12-18 13:16:35'),(30,43,69,'est','kale.lang@example.org','102.616.2923x678','Texas','9392107','qmvz','2005-08-04 18:05:57','2018-01-06 13:20:38'),(31,33,53,'unde','boehm.sadie@example.net','1-327-720-1773','Hawaii','96','cmsh','1991-04-28 17:31:32','2016-11-05 04:56:14'),(32,35,58,'sit','kamren.schowalter@example.net','1-284-899-1983','Montana','719278','mjvk','1981-11-09 05:14:18','2000-06-13 08:46:43'),(33,26,31,'modi','harvey.shanny@example.net','+56(8)9131512041','Nevada','35','meef','1976-12-26 19:51:18','2012-05-14 14:17:19'),(34,24,82,'quia','anika.ferry@example.net','(649)367-5612','Wisconsin','7','lmcg','1994-05-10 18:01:45','2009-10-14 13:19:15'),(35,42,20,'veritatis','hammes.leta@example.org','(762)766-3024','Missouri','532350','wavu','1973-11-27 22:26:22','2003-10-09 03:03:03'),(36,40,49,'cum','jerald.hettinger@example.com','318.754.9250','SouthDakota','1','enhm','1984-01-11 23:47:21','1984-05-08 07:55:11'),(37,23,87,'placeat','gladyce.emard@example.com','753.058.7059x3815','Washington','14128','orwu','1974-07-11 05:32:37','2010-01-04 07:41:45'),(38,43,87,'error','berenice74@example.net','780.629.8955','Louisiana','78036','triu','1984-01-12 06:23:41','1985-01-04 19:09:44'),(39,1,78,'eum','eldon.trantow@example.net','+41(5)9482853370','Ohio','1893','vply','2014-01-21 11:31:32','2014-02-12 19:09:23'),(40,20,26,'voluptas','brody.dickens@example.org','825.352.0540x7726','Washington','9383','axdk','1998-08-02 22:37:22','2016-11-18 05:02:43'),(41,48,95,'assumenda','mattie.parker@example.com','(401)879-3712','Washington','9','xlyx','1994-02-07 07:47:48','2010-08-20 03:34:56'),(42,32,2,'nisi','mcdermott.gaylord@example.org','07857092675','NewHampshire','761479110','lzqk','1981-07-29 18:50:57','2014-02-20 12:17:15'),(43,15,20,'nisi','fherzog@example.org','363-285-2029x96650','Maine','66','ddsh','1970-10-30 10:29:20','2010-02-03 20:43:24'),(44,28,92,'error','leonora.spencer@example.org','934.819.2598','Virginia','','dieb','1983-11-17 11:38:27','1993-11-02 05:04:04'),(45,45,5,'facilis','schimmel.dell@example.com','217-160-4089x078','NewJersey','5','rigs','1973-09-21 09:38:44','1974-12-18 13:39:28'),(46,45,45,'minus','marjory.krajcik@example.org','(291)255-0292','Arkansas','48079','xqob','1979-03-27 18:32:44','1989-05-11 06:43:24'),(47,38,12,'maiores','schultz.angie@example.net','522-349-7217','NewHampshire','50','wstu','1971-01-26 14:02:37','1989-10-15 10:08:09'),(48,8,23,'magnam','pfannerstill.daphnee@example.com','115-319-4219x97347','Idaho','35096135','bgjg','1986-06-27 19:42:26','1998-04-10 23:03:10'),(49,23,79,'alias','crunolfsdottir@example.com','(112)487-4807','Vermont','45958318','unha','1999-08-23 05:06:38','2009-10-21 03:10:21'),(50,43,26,'recusandae','vandervort.bradly@example.org','1-403-047-3116x024','Arkansas','62','wqjp','1971-06-14 10:07:53','1993-04-13 19:51:00'),(51,46,93,'quidem','hartmann.luigi@example.org','395-647-2577','RhodeIsland','5296','smkj','1974-05-06 17:00:03','1988-09-08 08:35:35'),(52,4,88,'eligendi','sage.willms@example.com','666.281.8514x0413','Kansas','906962072','znyk','1989-08-09 23:41:49','1991-06-12 12:02:03'),(53,26,62,'ipsum','aurelio.dooley@example.org','673-902-0894x85128','NewMexico','6036932','lrmr','1981-12-11 04:10:07','1993-04-04 05:28:26'),(54,18,47,'nostrum','carolina98@example.net','1-966-268-0348x63679','Oregon','50','nxhn','1985-11-30 05:37:42','2016-05-05 22:35:27'),(55,15,49,'deserunt','carson.hamill@example.net','550.886.9188x3117','Alabama','','rycw','1998-02-26 01:16:22','2017-06-14 05:06:47'),(56,19,2,'veniam','korbin.schulist@example.org','206-314-0367x122','Oregon','94905968','cvve','1973-04-24 08:09:28','1976-10-17 23:59:40'),(57,2,63,'unde','margarett.rodriguez@example.net','022-377-1128x87236','Alaska','851113670','vfvo','1999-04-06 22:06:24','2020-03-26 04:38:37'),(58,1,9,'tempora','cfisher@example.net','(415)994-7106','Nevada','65088570','jqxx','2011-02-18 08:37:58','2012-04-20 02:27:31'),(59,45,54,'et','coty61@example.com','950.664.9194x73119','Wisconsin','670718201','juqw','2004-06-20 10:19:15','2018-12-30 20:24:17'),(60,28,46,'quis','jacobs.adolfo@example.net','917-276-7258','RhodeIsland','101286500','cudw','1979-01-30 07:40:26','2018-04-18 14:49:07'),(61,2,69,'neque','erin34@example.org','666.091.1695x59374','Connecticut','8385','vigm','2001-07-05 09:55:04','2016-04-30 06:26:24'),(62,25,6,'numquam','runolfsson.jonathan@example.com','021-457-4787','SouthCarolina','','rcea','2002-10-19 17:28:36','2009-08-09 08:23:58'),(63,22,20,'neque','halie.carter@example.com','1-156-184-7482','NorthDakota','','gvqr','2000-12-29 18:26:40','2007-08-09 08:59:08'),(64,32,80,'blanditiis','kemmer.laron@example.net','1-640-390-3258x0972','Connecticut','3','grpr','1983-09-06 11:59:15','1990-10-19 15:20:41'),(65,43,46,'accusamus','sylvester.hagenes@example.net','(891)460-6160','Hawaii','665690','cbgo','1980-03-22 20:41:19','2001-12-05 18:52:26'),(66,24,85,'repellat','wmaggio@example.org','583-292-6763x344','Tennessee','198','wnln','1990-07-10 14:18:05','2020-05-03 09:04:13'),(67,38,92,'et','cleveland.gleason@example.net','(108)455-0234x5546','Kansas','248590','bkbt','1997-12-06 17:40:36','2020-10-25 20:06:55'),(68,19,5,'dolorum','alford51@example.net','844-458-2178x12808','NewYork','674788','opcn','1976-10-24 22:11:08','2000-04-28 12:08:56'),(69,29,47,'dolores','zvonrueden@example.org','1-793-076-4611x1696','Connecticut','556984558','vvaq','1982-02-01 05:55:23','1989-03-28 22:46:42'),(70,38,21,'doloribus','kaley19@example.net','(317)164-0653x2360','Georgia','569074055','pkoz','1978-08-04 10:02:36','2004-05-25 05:26:25'),(71,6,61,'assumenda','vivien67@example.com','(905)967-1690x1336','NewHampshire','69557930','jdmy','1993-11-14 08:41:48','2015-07-14 01:09:13'),(72,14,44,'labore','consuelo.kunde@example.net','(798)976-9312x502','Texas','79944209','jyxf','1977-04-28 09:22:00','2014-11-29 17:56:11'),(73,3,37,'quisquam','lyda38@example.org','+83(5)9512699130','Arizona','1054','sfhu','1990-01-06 22:07:39','2019-04-30 08:27:35'),(74,22,50,'dolorum','bennett68@example.net','1-648-888-4273x9612','WestVirginia','4197','uidp','2010-02-25 13:12:12','2015-11-18 13:03:52'),(75,1,43,'reiciendis','maxime45@example.net','625.588.1350x53887','Arizona','7837','mpkr','1975-01-21 03:41:05','2005-01-12 03:43:30'),(76,35,62,'molestias','princess.bayer@example.net','912-308-6014','Wyoming','5171','ypxs','1978-03-07 20:08:05','2004-01-14 16:05:22'),(77,28,84,'rerum','hagenes.jovani@example.com','679.703.3111','Washington','9746875','aobp','2003-06-06 04:57:23','2018-08-12 23:21:58'),(78,32,33,'ut','maddison.gislason@example.com','543-343-5984x6376','Illinois','7850363','cntc','1979-08-30 10:32:50','2000-07-15 11:18:26'),(79,26,13,'iste','alford74@example.org','488.767.8538','District of C','4367','kfko','1996-02-20 23:26:31','2014-05-18 17:03:12'),(80,34,62,'alias','alberto.johns@example.net','1-229-127-6229','Mississippi','733287','kcoj','1997-02-22 20:09:34','2006-10-18 16:25:47'),(81,45,74,'nam','wschuster@example.net','628.012.6221','California','381658','mkay','2001-11-30 05:17:00','2002-03-20 23:59:15'),(82,22,84,'nostrum','kunde.alex@example.net','09943927827','Maine','50','qfak','1979-12-28 15:29:23','2008-04-23 00:30:22'),(83,23,98,'qui','vance17@example.org','+27(1)3245248012','Pennsylvania','2','ybgo','1987-02-20 10:42:13','1998-03-13 12:09:24'),(84,49,41,'asperiores','antoinette03@example.com','1-636-681-1640x165','Delaware','13039','rfsx','1996-04-25 03:33:17','1999-01-15 10:22:56'),(85,30,7,'magnam','proberts@example.com','+13(3)9724950901','NewJersey','57368','wqox','1985-09-28 04:37:11','1996-07-22 02:22:36'),(86,2,11,'omnis','lola12@example.org','772.767.4389x247','Wisconsin','27','dzol','1976-12-04 03:50:09','1992-03-02 11:09:38'),(87,18,35,'aut','gskiles@example.net','150.417.4331x4989','NewJersey','6628','vley','1980-05-05 19:03:22','2017-01-01 01:14:00'),(88,32,43,'neque','altenwerth.jewel@example.com','1-329-171-4032x90151','Alaska','7','qwnj','1982-09-23 01:28:56','1995-05-19 05:55:28'),(89,10,8,'pariatur','simonis.anibal@example.com','1-760-220-2973','Utah','5016','tgqc','1987-03-31 07:46:35','2011-09-03 11:48:28'),(90,1,10,'repudiandae','mlegros@example.com','325-118-3830x62144','RhodeIsland','5190614','ztay','1988-02-02 23:48:20','2015-09-13 02:42:48'),(91,23,24,'molestiae','nikolaus.alta@example.com','197-160-5984','Connecticut','','zims','1990-06-19 10:53:32','2011-08-11 01:45:53'),(92,13,92,'vel','albin79@example.org','072-459-1448x54357','Texas','72563731','bkax','1999-08-11 19:05:56','2016-10-10 10:14:17'),(93,46,91,'aut','donnie.hauck@example.org','405-706-7090','Hawaii','','iddk','1979-05-18 15:05:19','2004-08-22 06:59:05'),(94,41,79,'corporis','tsteuber@example.com','+52(7)0436193418','NewMexico','481672989','vfte','1997-04-28 07:56:27','2018-03-15 10:53:17'),(95,21,22,'dolore','pkunze@example.net','1-238-306-5861','Oklahoma','464736','xics','1996-09-29 09:51:47','2006-02-25 11:24:34'),(96,28,70,'culpa','holden.dickinson@example.com','1-938-532-2235x011','Connecticut','505653','vlwz','1974-06-24 12:02:41','1984-03-31 10:56:50'),(97,29,87,'soluta','xeffertz@example.org','608-589-5267x61441','Pennsylvania','717','thoo','1974-02-10 14:15:54','1989-10-02 20:31:14'),(98,10,27,'non','xanderson@example.com','740.202.1802x24154','Massachusetts','51','fscz','1999-12-16 20:01:21','2000-11-20 10:26:53'),(99,11,70,'corrupti','veum.berniece@example.org','04787810577','SouthCarolina','390','kuxh','1978-02-09 21:52:52','2008-07-29 08:49:09'),(100,24,70,'repellendus','abigail.grant@example.com','934.015.1978x02132','Utah','498938','ypiu','1989-09-15 11:30:22','2007-09-17 09:51:33');
/*!40000 ALTER TABLE `requisites` ENABLE KEYS */;
UNLOCK TABLES;

--
-- Table structure for table `reviews`
--

DROP TABLE IF EXISTS `reviews`;
/*!40101 SET @saved_cs_client     = @@character_set_client */;
/*!50503 SET character_set_client = utf8mb4 */;
CREATE TABLE `reviews` (
  `id` int unsigned NOT NULL AUTO_INCREMENT COMMENT 'Идентификатор отзыва',
  `user_id` int unsigned DEFAULT NULL COMMENT 'Идентификатор пользователя',
  `product_id` bigint unsigned DEFAULT NULL COMMENT 'Идентификатор товара',
  `body` text CHARACTER SET utf8mb4 COLLATE utf8mb4_unicode_ci NOT NULL COMMENT 'Тело отзыва',
  `created_at` datetime DEFAULT CURRENT_TIMESTAMP COMMENT 'Время создания отзыва',
  PRIMARY KEY (`id`),
  KEY `reviews_fk_user_id` (`user_id`),
  KEY `reviews_fk_product_id` (`product_id`),
  CONSTRAINT `reviews_fk_product_id` FOREIGN KEY (`product_id`) REFERENCES `products` (`id`) ON DELETE SET NULL,
  CONSTRAINT `reviews_fk_user_id` FOREIGN KEY (`user_id`) REFERENCES `users` (`id`) ON DELETE SET NULL
) ENGINE=InnoDB AUTO_INCREMENT=41 DEFAULT CHARSET=utf8mb4 COLLATE=utf8mb4_unicode_ci COMMENT='Отзывы';
/*!40101 SET character_set_client = @saved_cs_client */;

--
-- Dumping data for table `reviews`
--

LOCK TABLES `reviews` WRITE;
/*!40000 ALTER TABLE `reviews` DISABLE KEYS */;
INSERT INTO `reviews` VALUES (1,21,81,'Aliquam similique voluptatem consequuntur eos nemo earum. Sed et voluptatem nisi culpa sapiente. Quis nostrum ipsum nisi saepe ut laudantium. Nesciunt eligendi odit ut eius atque.','1970-10-21 11:00:39'),(2,52,38,'Omnis id labore incidunt. Quia molestiae illo reprehenderit possimus. Minima cumque et eaque minima aut. Repudiandae modi aliquam tempora.','2005-02-08 19:01:42'),(3,99,44,'Asperiores possimus officia fugiat sapiente dolorem sit amet. Nobis asperiores voluptatem iste natus ab hic nihil temporibus. Expedita et voluptas doloremque placeat. Recusandae voluptas et quod modi id autem.','1990-08-28 07:45:01'),(4,40,7,'Sunt adipisci quia quis accusantium repellat. Repellendus omnis error necessitatibus repellendus. Quod quia quo odio ut qui facilis consequatur. Voluptates occaecati quo sint.','1989-12-11 00:27:59'),(5,1,98,'Voluptatem excepturi ut id quaerat expedita. Aliquam id cupiditate fugiat est voluptatem quam. Deleniti tempora debitis quas.','1976-11-28 15:56:06'),(6,84,75,'Voluptate commodi at quisquam. Occaecati eaque debitis suscipit. Animi deserunt quam excepturi nostrum ut.','1976-08-26 21:56:55'),(7,20,81,'Voluptas fuga voluptas quis animi. Voluptas voluptate sint sit est.','2012-05-17 11:11:08'),(8,46,79,'Perspiciatis impedit incidunt omnis et et autem. Tenetur pariatur recusandae aut blanditiis. Sit sint sed aliquid quod.','1979-01-07 18:22:48'),(9,70,54,'Necessitatibus dolorem velit nulla iusto. Aliquam voluptates porro aut sit et repellat. Sed nulla quas consequuntur culpa. Enim sed ipsa est fugiat molestias.','2012-04-26 16:45:20'),(10,14,31,'Sequi sed accusamus eaque. Nisi aut nam aut ab aut dicta. Facilis a aut odit rerum voluptatem. In eligendi totam et est.','2021-02-12 00:04:38'),(11,59,91,'Eligendi amet ipsam dolor temporibus doloremque. Sapiente ex at eveniet eum ratione.','2008-12-15 00:28:20'),(12,51,65,'Qui commodi fugiat laudantium optio. Quia voluptatem nemo neque ex excepturi sapiente. Rem maiores doloribus labore excepturi.','1975-11-17 00:05:08'),(13,80,51,'Minima aspernatur reiciendis voluptatum reiciendis. Tenetur enim quis quia. Harum et fuga quia et at et sunt. Vero quia aut odio nisi veniam qui.','1973-06-24 01:55:21'),(14,49,61,'Optio facilis possimus dolores architecto. Labore soluta illum accusamus laborum voluptas quia. Consequatur rerum nemo voluptate et molestias enim recusandae aut.','1993-02-19 23:37:39'),(15,5,51,'Ducimus aliquid necessitatibus sed cum libero illo vel. Fugiat natus accusamus quod debitis iusto cum. Fugit facilis dicta quisquam id voluptatem libero repellat nam.','2011-06-14 12:55:56'),(16,73,70,'Quos ratione ullam quos ducimus accusantium. Ut aliquid ea atque voluptatibus veniam quia qui. Voluptatem qui aliquam corrupti perferendis quia. Sint asperiores eveniet sed quos nihil ut doloremque. Aut impedit cupiditate aut dolores.','1996-07-15 17:14:14'),(17,52,2,'Dolore aut illum corporis. Velit cum nesciunt et. Vel officiis quam non tempore qui est. Officia deserunt debitis commodi ut quam quisquam similique.','1985-08-05 23:13:13'),(18,40,93,'Sed rem maiores tempora consequatur. Voluptatibus ut fuga numquam natus et iste. Adipisci accusamus officiis consequatur iusto sit sequi illum ut.','2011-03-11 09:44:17'),(19,42,64,'Quae doloribus nesciunt earum inventore veritatis voluptas alias. Quam nostrum eos id. Quis nesciunt sunt est.','2020-08-06 23:20:10'),(20,93,38,'Corporis enim ex harum et. Blanditiis labore atque distinctio minus. Iste totam a id soluta corrupti.','2014-04-01 02:19:08'),(21,42,1,'In tenetur vero est. Dolorem mollitia voluptatem nihil id eligendi similique. Totam quia porro eligendi rerum et inventore quo voluptatem.','1992-12-19 04:49:54'),(22,30,88,'Impedit alias quas debitis veniam. Blanditiis et eum at consequatur. Provident placeat est totam rerum tempora.','1979-04-29 02:25:24'),(23,22,42,'Unde doloremque pariatur commodi molestiae animi maxime rem recusandae. Possimus nihil consequuntur labore eaque alias quo aut. Aspernatur a sit sint aliquam quas quae.','2007-05-15 20:47:11'),(24,21,41,'Error et modi voluptas dolores magni. Suscipit dolorum consequatur sed qui. Et quia beatae facere natus dolor ducimus inventore.','1989-08-20 17:04:09'),(25,37,82,'Distinctio vero quo laboriosam repudiandae quo pariatur dolores. Ea tenetur quaerat inventore sed rerum aut. Nostrum qui quod qui.','1988-10-24 09:15:07'),(26,24,87,'Eos non quas totam quia laborum pariatur. Consequatur est aliquam eos. Provident facilis assumenda veritatis labore rerum ad praesentium. Modi quo ut at voluptatem totam sit.','1988-10-10 15:19:09'),(27,6,90,'Temporibus minima nisi vel tempore placeat. Ut illo ratione pariatur et quibusdam molestias. Itaque itaque quia similique et reiciendis ut. Totam laudantium praesentium quibusdam nemo. Minus ad ea aut eius nostrum dolores.','1994-11-02 18:02:11'),(28,56,89,'Consequatur nam perspiciatis eum est excepturi aliquid voluptas. Voluptatem corporis in veniam atque. Aut vero saepe perspiciatis consequatur voluptatum.','1994-02-22 23:59:10'),(29,67,75,'Iusto facere rem quis et labore similique qui reprehenderit. Tempora sint architecto ut. Quia nobis eligendi explicabo quia. Minima rerum nisi eos dolorem.','2001-11-12 11:09:00'),(30,64,10,'Laborum unde molestiae quia occaecati saepe excepturi. Enim ex aut nemo quaerat voluptates nobis. Et eos ipsum nihil occaecati a qui.','2001-05-26 07:49:47'),(31,22,22,'Non at in harum consequatur ratione in nostrum. Sint amet sit non consequatur blanditiis. Exercitationem voluptates ea et earum. Eum et ducimus non possimus.','1974-06-12 06:53:22'),(32,15,81,'Quia nesciunt reiciendis enim voluptatem sunt aut non id. Deserunt modi ducimus nostrum quia est aut qui. Reprehenderit quidem dolorem modi sunt similique a. Adipisci sit voluptatem asperiores non excepturi porro voluptatem dolorum.','1989-05-13 22:05:18'),(33,8,42,'Suscipit enim fuga praesentium illum. Corporis consequuntur dolore qui molestias assumenda minus. Tempore impedit cumque at rerum.','1989-09-17 10:57:06'),(34,94,62,'Esse occaecati veniam eaque animi voluptatem expedita est. Laudantium neque consequuntur aut atque beatae a similique. Commodi eum libero quo quod quas. Temporibus velit ut fuga saepe pariatur. Laboriosam nobis veniam in fugiat ad ut blanditiis.','2015-04-10 23:33:18'),(35,49,87,'Enim dolorem nobis eos rem voluptatem. Dolorum laboriosam porro iste sint eos quam praesentium. Est quod repellat id sed aut qui quasi.','2012-09-27 14:27:19'),(36,61,51,'Nisi maxime similique sed perspiciatis ullam tenetur. Iure accusantium repudiandae commodi necessitatibus aut voluptatibus. Beatae possimus quis sint.','2013-12-13 09:17:58'),(37,60,90,'Ea nobis reiciendis dignissimos aut et quia. Earum nobis sunt aspernatur asperiores. Rem voluptatibus et sunt labore qui sit rerum. Veritatis et est asperiores aut assumenda sit.','1973-02-08 08:37:11'),(38,17,1,'Provident nulla quia officia et asperiores. Necessitatibus impedit distinctio omnis quos sint recusandae nemo. Impedit eveniet unde exercitationem et autem nemo molestiae totam. Qui rerum nesciunt quidem.','1982-07-11 08:12:58'),(39,2,31,'Temporibus molestiae suscipit eius officia officia numquam et. Aut quis distinctio ipsam et est. Perspiciatis dolore ad enim ut accusamus labore. Eius omnis eligendi non repudiandae earum non quisquam ut.','2013-03-22 11:07:10'),(40,57,54,'Corporis voluptatem voluptates unde aut. Libero mollitia voluptatem dolores aperiam cupiditate.','2006-09-28 23:02:21');
/*!40000 ALTER TABLE `reviews` ENABLE KEYS */;
UNLOCK TABLES;

--
-- Table structure for table `score`
--

DROP TABLE IF EXISTS `score`;
/*!40101 SET @saved_cs_client     = @@character_set_client */;
/*!50503 SET character_set_client = utf8mb4 */;
CREATE TABLE `score` (
  `id` bigint unsigned NOT NULL AUTO_INCREMENT COMMENT 'Идентификатор оценки',
  `user_id` int unsigned NOT NULL COMMENT 'Идентификатор пользователя',
  `product_id` bigint unsigned NOT NULL COMMENT 'Идентификатор товара',
  `value` tinyint unsigned DEFAULT '0' COMMENT 'Значение оценки',
  `created_at` datetime DEFAULT CURRENT_TIMESTAMP COMMENT 'Время создания оценки',
  `updated_at` datetime DEFAULT CURRENT_TIMESTAMP ON UPDATE CURRENT_TIMESTAMP COMMENT 'Время обновления новости',
  PRIMARY KEY (`id`),
  KEY `index_of_product_id` (`product_id`) USING BTREE,
  KEY `index_of_user_id` (`user_id`) USING BTREE,
  CONSTRAINT `score_fk_product_id` FOREIGN KEY (`product_id`) REFERENCES `products` (`id`) ON DELETE CASCADE,
  CONSTRAINT `score_fk_user_id` FOREIGN KEY (`user_id`) REFERENCES `users` (`id`) ON DELETE CASCADE
) ENGINE=InnoDB AUTO_INCREMENT=71 DEFAULT CHARSET=utf8mb4 COLLATE=utf8mb4_unicode_ci COMMENT='Оценки';
/*!40101 SET character_set_client = @saved_cs_client */;

--
-- Dumping data for table `score`
--

LOCK TABLES `score` WRITE;
/*!40000 ALTER TABLE `score` DISABLE KEYS */;
INSERT INTO `score` VALUES (1,11,62,7,'1971-08-09 16:25:07','1976-05-12 01:34:29'),(2,89,92,9,'1972-05-25 18:52:40','1986-05-13 16:59:55'),(3,18,76,6,'1978-05-14 14:59:54','2013-04-29 00:50:28'),(4,19,7,6,'2002-12-17 07:47:19','2015-03-03 05:19:57'),(5,43,1,5,'1976-06-24 20:22:11','1980-10-17 21:40:37'),(6,56,83,9,'1989-05-14 06:58:18','2013-11-24 10:50:26'),(7,53,16,4,'2008-11-29 02:47:58','2017-01-06 08:00:43'),(8,97,31,6,'1995-10-08 07:53:07','2020-08-24 00:01:47'),(9,27,4,8,'1983-07-15 22:59:49','2001-01-11 03:48:01'),(10,41,28,3,'1982-06-08 04:14:39','2017-10-29 09:17:36'),(11,27,28,6,'2006-08-02 16:41:10','2006-09-21 04:30:08'),(12,9,55,8,'1974-12-29 06:17:18','1997-03-10 20:59:36'),(13,64,90,9,'1978-04-04 08:28:08','2012-09-25 16:28:00'),(14,96,88,5,'2004-07-25 15:14:25','2008-12-02 19:11:10'),(15,88,72,9,'2004-12-26 02:08:46','2019-12-21 04:31:53'),(16,51,96,4,'1971-08-04 04:53:23','1978-09-30 18:50:25'),(17,90,64,2,'1986-06-26 06:09:41','2012-11-10 18:24:45'),(18,97,31,9,'1984-03-11 15:47:23','2012-06-21 21:47:40'),(19,19,61,3,'1999-12-09 00:22:45','2012-04-15 06:12:31'),(20,98,13,4,'1970-06-16 15:50:32','1978-11-25 06:59:42'),(21,38,80,2,'1980-04-18 19:29:17','2000-08-16 22:09:44'),(22,91,62,3,'1978-12-18 02:29:48','2020-12-12 15:35:05'),(23,46,70,4,'2003-12-17 12:07:52','2005-10-15 20:14:47'),(24,55,65,9,'1983-12-11 00:12:06','2005-07-16 02:37:34'),(25,38,16,7,'1976-03-13 11:48:36','1987-06-16 13:36:10'),(26,23,84,5,'1974-07-07 09:47:10','2017-08-18 08:23:20'),(27,2,74,0,'1982-08-07 02:54:25','1994-05-02 14:32:04'),(28,37,17,9,'2014-03-27 11:24:51','2014-09-04 07:46:04'),(29,83,60,6,'1982-06-07 18:58:35','1991-12-11 12:53:27'),(30,3,53,5,'1985-07-12 07:51:37','2004-04-13 23:29:30'),(31,64,83,7,'1981-02-28 07:37:49','1996-08-02 21:43:29'),(32,13,57,3,'1975-12-24 10:49:54','2017-07-21 17:28:35'),(33,69,36,2,'1978-07-30 12:15:16','2012-07-19 18:12:13'),(34,9,8,8,'1986-07-23 22:15:06','1987-11-20 13:50:46'),(35,38,33,5,'1993-06-18 07:23:31','1996-01-05 19:10:59'),(36,61,40,0,'1977-12-16 14:13:04','1990-09-03 13:16:10'),(37,90,1,8,'1983-12-02 23:24:21','2000-12-17 17:28:18'),(38,71,83,5,'1977-01-24 12:44:44','1988-05-14 00:20:44'),(39,85,14,5,'1994-06-10 10:46:52','2001-11-18 16:47:31'),(40,14,19,3,'1973-04-26 22:47:45','1999-01-14 04:32:33'),(41,10,51,9,'1988-03-28 20:08:28','1994-07-27 18:11:14'),(42,8,1,7,'1992-05-31 21:21:16','1993-03-06 21:59:28'),(43,12,51,6,'2002-10-10 08:37:57','2018-02-27 21:07:16'),(44,32,51,1,'1985-05-15 02:06:34','1991-11-24 07:02:34'),(45,26,3,3,'1999-11-24 02:03:36','2005-05-21 22:19:37'),(46,32,62,2,'2012-09-21 11:38:36','2017-10-19 02:47:59'),(47,81,99,4,'2008-05-24 01:07:55','2020-11-14 16:08:55'),(48,14,13,3,'1979-01-04 01:29:42','2014-09-05 01:24:50'),(49,25,66,0,'2006-06-08 09:34:01','2013-08-01 19:01:10'),(50,81,93,2,'1989-01-21 22:39:35','2009-06-22 00:00:03'),(51,31,68,8,'1987-12-14 09:19:01','2008-09-20 07:28:13'),(52,11,61,2,'1981-07-16 06:54:38','2010-02-23 05:03:07'),(53,61,99,7,'1989-11-23 18:45:28','2001-05-04 23:58:28'),(54,73,15,3,'1970-12-11 17:37:30','1978-07-23 07:35:45'),(55,84,76,0,'1984-09-05 04:02:27','2003-08-27 11:17:08'),(56,99,35,3,'1994-01-01 21:03:22','2014-07-02 23:07:43'),(57,47,45,8,'1983-10-14 03:39:29','1994-05-19 19:56:46'),(58,35,21,4,'1971-07-02 10:23:03','2012-10-31 00:01:34'),(59,33,69,5,'1997-05-25 15:17:04','1998-02-09 17:16:01'),(60,60,84,4,'1996-11-10 01:57:22','2005-06-11 20:08:53'),(61,1,15,4,'1991-01-31 11:15:53','1996-03-18 10:33:11'),(62,23,18,1,'1990-06-26 13:39:26','2010-01-04 18:11:26'),(63,12,46,9,'1981-09-20 23:55:36','1996-05-17 08:26:05'),(64,91,78,7,'1986-04-23 06:47:01','2017-04-27 22:51:09'),(65,21,53,3,'1993-09-21 02:40:39','2019-02-01 03:57:57'),(66,29,30,5,'2012-06-06 23:10:57','2016-05-25 14:31:33'),(67,84,90,5,'1970-04-14 15:18:59','1972-05-06 02:01:12'),(68,35,61,3,'1971-04-29 22:33:47','1998-07-17 03:07:33'),(69,23,33,8,'1983-10-25 22:53:16','1993-11-09 02:44:13'),(70,6,84,2,'1991-01-21 18:57:05','2017-08-21 02:52:55');
/*!40000 ALTER TABLE `score` ENABLE KEYS */;
UNLOCK TABLES;

--
-- Table structure for table `specifications`
--

DROP TABLE IF EXISTS `specifications`;
/*!40101 SET @saved_cs_client     = @@character_set_client */;
/*!50503 SET character_set_client = utf8mb4 */;
CREATE TABLE `specifications` (
  `id` bigint unsigned NOT NULL AUTO_INCREMENT COMMENT 'Идентификатор характеристики',
  `product_id` bigint unsigned DEFAULT NULL COMMENT 'Идентификатор товара для характеристики',
  `short_description` varchar(255) CHARACTER SET utf8mb4 COLLATE utf8mb4_unicode_ci NOT NULL COMMENT 'Короткое описание',
  `description` text CHARACTER SET utf8mb4 COLLATE utf8mb4_unicode_ci COMMENT 'Описание',
  `created_at` datetime DEFAULT CURRENT_TIMESTAMP COMMENT 'Время создания характеристики',
  `updated_at` datetime DEFAULT CURRENT_TIMESTAMP ON UPDATE CURRENT_TIMESTAMP COMMENT 'Время обновления новости',
  PRIMARY KEY (`id`),
  KEY `index_of_product_id` (`product_id`) USING BTREE,
  CONSTRAINT `specifications_fk_product_id` FOREIGN KEY (`product_id`) REFERENCES `products` (`id`) ON DELETE SET NULL
) ENGINE=InnoDB AUTO_INCREMENT=216 DEFAULT CHARSET=utf8mb4 COLLATE=utf8mb4_unicode_ci COMMENT='Характеристики';
/*!40101 SET character_set_client = @saved_cs_client */;

--
-- Dumping data for table `specifications`
--

LOCK TABLES `specifications` WRITE;
/*!40000 ALTER TABLE `specifications` DISABLE KEYS */;
INSERT INTO `specifications` VALUES (1,52,'Ut temporibus impedit et officia vitae enim. Sed illum quas reprehenderit eaque adipisci qui. Voluptatem et quos qui.','Id aut qui ut aut. Nihil ea quae et et et voluptas quos. Beatae sit a est voluptatem aut quia. In quam nostrum aut ratione numquam et officia. Rerum fugiat aut alias placeat.','1985-10-11 23:00:54','2001-05-12 16:41:37'),(2,5,'Fugit nulla culpa distinctio soluta et. Enim possimus assumenda quia nemo dolorum veniam illo.','Ratione iusto dolorem laboriosam rem vel quia labore. Quo rerum beatae exercitationem velit delectus. Dolores dolores non repudiandae excepturi.','1985-09-08 08:44:17','1987-09-17 16:11:24'),(3,65,'Ad possimus at maxime inventore qui et sapiente. Consequatur eos ut voluptatem fugit. Delectus et aut ea voluptatibus suscipit saepe hic magni. Optio sint dolorem atque qui itaque.','Vel architecto fugit odio recusandae labore iste. Blanditiis doloremque necessitatibus consequatur amet sapiente labore. Explicabo consectetur minima doloribus ad accusantium eos aut. Deserunt ipsa blanditiis corporis ut eveniet debitis repellat.','1985-06-09 18:44:24','1988-07-22 14:01:32'),(4,15,'Quasi nemo eius alias vitae quae modi ullam. Repellat ea aspernatur iusto ut ipsam fuga. Quasi molestiae porro aut mollitia at tenetur a voluptatibus.','Non assumenda corrupti amet sit et molestiae. Fugiat accusamus laborum eveniet at. Sapiente et aut animi dolores impedit commodi. Mollitia enim quis voluptatem.','1993-05-09 20:49:39','1993-07-05 21:27:49'),(5,78,'Rerum alias natus et. Soluta sit cum repudiandae non voluptatem tempore. Dolorem distinctio impedit qui adipisci repudiandae a consectetur. Dolorum ab alias officia iusto ratione.','Asperiores temporibus esse est ratione. In id non aspernatur omnis aut quia qui. Nihil perspiciatis aperiam dolore provident. Sunt eos ut nesciunt maiores distinctio.','1984-06-09 10:19:41','1992-07-23 02:05:02'),(6,47,'Aut aperiam labore et. Enim incidunt fugiat consequatur.','Dolore quia nihil impedit asperiores. Ipsa commodi repudiandae dicta esse. Iure eum eum veniam harum veritatis quia rerum. Velit sed ullam ipsum rerum cum.','1972-08-19 18:23:52','1973-04-05 09:49:20'),(7,1,'Aut ipsam quas blanditiis et. Rerum qui earum harum officiis ipsa a consequatur. Quos minus accusantium aut. Dolor reiciendis fuga perferendis est necessitatibus.','Et inventore ut eos consequatur velit libero. Sed quisquam velit consequatur voluptatibus sed et et. Voluptas ducimus aut nemo ea iste sed commodi.','1974-02-08 09:18:58','1979-07-08 22:24:38'),(8,63,'Aperiam nulla ipsam autem. Odio commodi in in eum earum necessitatibus. Eum asperiores qui exercitationem magni et magnam.','Qui sint recusandae sed eos. Ut sed itaque voluptatibus atque facilis. Consequuntur et quos tenetur nihil tempore.','1980-01-02 03:13:47','2006-06-08 12:28:37'),(9,11,'Libero eum explicabo aut id facere assumenda. Quam alias mollitia commodi placeat velit dicta. Veritatis totam porro aut mollitia ad.','Aut at inventore voluptas. Voluptas consequuntur a sed enim. Eligendi libero qui quos quos quis sit. Praesentium tempora enim veniam dolores est quo.','1980-11-11 11:59:51','1984-08-09 13:16:42'),(10,66,'Tenetur laborum fuga libero et saepe alias quibusdam qui. Repellat velit delectus autem.','Libero maxime soluta omnis eligendi nisi error. Et aliquam culpa dolor fugit tempora. Dignissimos laboriosam quia eos adipisci aut. Atque rem qui hic modi veniam magnam.','1996-10-18 00:01:48','2016-06-06 13:08:45'),(11,97,'Aut ut et quisquam vel dolorum. Nostrum eveniet corrupti velit sequi. Aliquid numquam numquam quod maxime sit. Ea non quis occaecati ipsa doloremque earum. Assumenda excepturi ipsam vitae impedit.','Sequi culpa qui facilis exercitationem eos. Et optio numquam praesentium et sit quae tempore et. Adipisci enim eum autem ipsa. Illum quidem autem et dolore ex similique.','1998-01-26 21:35:14','2020-09-03 02:46:33'),(12,88,'Sed quisquam eum voluptatem eos hic quo ut. Velit mollitia beatae quaerat rerum magni a. Consequatur autem sit voluptatem dolor nihil sapiente.','Sed debitis corrupti sint at aut laboriosam a tempore. Dolor molestiae voluptatem possimus rem dolores voluptatum minus. Sit est sit consequatur aliquid deleniti eum.','1971-08-19 21:51:37','1989-08-10 13:51:17'),(13,49,'Quis necessitatibus maiores placeat voluptatem possimus commodi magnam dolorem. Quia quam explicabo est voluptatem. Quod nesciunt quia asperiores rerum aut eius iste.','Accusantium nam at recusandae officia ducimus. Sit temporibus debitis cum nobis. Maxime et et alias sint ratione nulla deleniti.','1984-01-10 09:28:36','1994-12-19 00:40:08'),(14,82,'Expedita maxime ut excepturi alias. Doloremque hic fuga animi. Eum expedita esse quaerat esse. Omnis rerum unde error sit.','Repellendus rerum aut sit sequi. Vel quos laboriosam illum expedita eveniet ipsum.','1971-01-15 21:21:45','1984-07-16 08:55:06'),(15,62,'Aut perspiciatis excepturi eos ea. Et magni qui nihil debitis ut molestias. Delectus doloremque esse cupiditate enim mollitia omnis harum. Id nemo molestiae et excepturi perspiciatis. Voluptatem numquam labore sapiente asperiores fugit est.','Ut fugit expedita sint voluptatem cumque. Modi voluptatem ad consequatur unde quam repellendus qui. Et quis eaque odio et.','1995-04-18 10:55:19','2019-02-28 11:38:06'),(16,63,'Sunt est et sapiente omnis fugit reprehenderit. Molestiae eligendi debitis eum facere sit. Et praesentium sapiente aliquid corrupti et enim quo.','Dolorem possimus perferendis fuga autem sapiente quia labore. Doloribus pariatur aspernatur quibusdam velit incidunt non. Commodi magnam voluptas eos officiis molestias et consectetur. Ea dolores vero natus.','2003-02-06 15:16:05','2008-09-07 11:36:43'),(17,32,'Illum quae alias nam et minus iure. Eveniet fuga voluptas dolores et officia esse. Cumque repudiandae repellendus illo expedita aut nemo maxime. Autem architecto tempora labore quaerat.','Rerum ducimus rerum et veritatis sunt hic dolor. Occaecati accusamus dolor consectetur aut ipsam eum sint. Quia alias ad officia doloremque enim quam. Optio corporis esse esse quos occaecati.','2001-11-16 00:10:54','2014-07-21 15:22:07'),(18,69,'Veritatis est explicabo nihil itaque. Voluptates perspiciatis vero itaque et eius. Reprehenderit qui omnis nisi rerum officiis.','Assumenda ratione sapiente repellat nemo. Repellendus et qui ipsam quo eos enim soluta. Eligendi tenetur nihil neque blanditiis sit.','1987-05-06 14:16:56','2013-04-06 17:54:38'),(19,49,'Quia aliquid odio ut quia quo. Velit voluptas sed sint. Facilis nesciunt aliquam a aliquam.','Voluptatem suscipit amet eligendi. Distinctio cum sed necessitatibus error numquam beatae enim. Quos aut voluptatem distinctio vero molestiae.','1973-05-28 19:45:15','1975-07-18 08:19:36'),(20,36,'Eos et et repellat. Magnam et qui beatae. Voluptatem cum blanditiis asperiores at voluptatibus tempora rerum tempora. Repellendus facere cum ducimus impedit.','Quam non impedit consequuntur assumenda neque quisquam enim. Repellat et aut ut tempora maxime placeat sequi. Esse enim ullam veniam dolor modi. Perferendis sit quia sed autem.','1999-06-06 06:38:02','2008-07-20 04:55:48'),(21,35,'Neque occaecati sint ut. Atque nihil et dolorum sed consequuntur vero quidem dolor. Asperiores quo reprehenderit ducimus eos sequi consequatur.','Ex voluptatem non qui laborum nisi. Qui fugiat numquam nulla mollitia vitae animi recusandae. Adipisci repudiandae eum aperiam.','2004-04-26 05:19:18','2011-12-03 17:56:59'),(22,66,'Nulla et sit saepe velit similique quis et est. Quo expedita magnam harum autem tempore harum.','Quidem nam officia neque facilis fuga et mollitia autem. Omnis nesciunt reiciendis ad ab voluptas est. Numquam maxime voluptatum minima quia officiis.','2006-06-15 19:52:10','2019-03-15 13:35:55'),(23,26,'Vel totam quas suscipit quo ut. Vel aut consequuntur qui et repellendus incidunt velit. Non deleniti facere quo corporis quia dicta quisquam. Vel totam cum ipsum esse recusandae consequuntur non debitis. Ad velit eos vel incidunt ut asperiores.','Quasi assumenda ut nobis vel suscipit doloremque. In occaecati ut sunt amet. Delectus similique animi voluptatem maiores. Quis est ex ullam vitae earum. Et ex qui molestiae.','1987-07-25 06:38:26','2013-01-25 03:55:12'),(24,31,'Expedita modi ut dolor eaque et. Quia dolor exercitationem id ab qui nesciunt velit. Ea eius accusamus voluptas quis eligendi voluptatum quam asperiores. Non unde et eveniet omnis corrupti.','Quos ex nostrum porro ab nemo. Quae voluptates ut et unde inventore. Dolor dolor eum adipisci ipsam occaecati. Minus esse nihil saepe atque.','1978-10-29 11:13:40','1993-03-11 14:20:04'),(25,76,'Totam accusantium fugiat quia dolorum repudiandae minus. Architecto velit sed doloremque rerum. Minima minima ad rem deserunt incidunt tenetur expedita.','Illo debitis modi nam. Omnis et odit eos soluta quo et.','1973-03-22 17:12:12','2011-05-04 20:30:00'),(26,89,'Odit aut itaque et quia et et. Qui molestiae aut voluptatem velit eveniet. Provident et veniam cum sit quis et quibusdam quo. Quibusdam quia cumque distinctio architecto voluptates perspiciatis minus.','Provident et consequuntur in reprehenderit ipsam molestiae voluptatibus. Veniam earum et deserunt autem. Blanditiis nostrum ut veritatis maxime esse similique.','1974-02-28 09:05:45','1985-08-06 23:48:21'),(27,20,'Iste quaerat eos totam laudantium ex iusto dignissimos. Est molestias ea porro voluptatem. Nesciunt accusantium et est vero.','Unde eveniet aut voluptatem suscipit nihil. Eveniet non itaque tenetur quo tempore.','1998-10-16 00:43:35','2006-06-23 04:59:17'),(28,31,'Numquam laboriosam sed qui amet dolorem exercitationem ipsa. In nam voluptate non nemo dignissimos consequatur nobis. Omnis vel nulla architecto et pariatur molestias.','Molestias recusandae sed est praesentium explicabo cupiditate autem. Pariatur harum ut sunt repudiandae.','1976-07-27 04:16:09','2008-01-15 05:41:25'),(29,95,'Consequuntur ad est qui iste. Velit dolorem sit et voluptatem assumenda cupiditate harum. Reprehenderit magnam velit sed. Veritatis excepturi odio eum nam necessitatibus minus.','Cumque sed placeat hic dolores dolores excepturi corporis. Esse ullam facere ea modi.','1976-08-25 06:59:27','1979-07-29 18:04:47'),(30,82,'Nulla pariatur ea et. Est facere deleniti ratione et commodi excepturi cum. Et expedita omnis et eos. Quas mollitia amet rem voluptatum id repellat odio.','Nesciunt commodi est praesentium in quo quaerat fuga. Non laboriosam vel ut aspernatur dolores ut quia.','1977-06-21 01:13:12','1991-02-15 05:16:52'),(31,27,'Inventore qui natus eveniet ullam adipisci quis nam corrupti. Temporibus nobis ducimus aspernatur voluptatem accusamus est ipsum.','Expedita doloremque dolorem exercitationem officiis cumque ab. Veritatis dolorem et in. Id ducimus sapiente eveniet voluptatem. Dolores saepe voluptatem ipsa est expedita eos repellat.','1977-02-09 19:40:59','1983-10-12 17:49:09'),(32,87,'Et aut numquam eligendi eum qui. Aut commodi placeat dolorem facere. Officia amet magni in aut voluptatem aut quia. Ea repellat enim et dolores. Explicabo asperiores saepe unde ad iure voluptatibus.','Adipisci qui culpa est facilis laudantium error a. Nostrum suscipit in voluptas dolorem. Qui eos nihil mollitia sunt dolores et. Modi et tenetur exercitationem praesentium quidem ut sed.','1971-09-22 00:44:20','1971-10-20 16:17:43'),(33,55,'Blanditiis tempora ratione vel nesciunt. Quia placeat voluptas aut et quisquam. Sed unde consectetur distinctio est. Officia quaerat pariatur aut velit.','Nulla consequatur sint in aut. Est harum itaque neque aut consequatur deserunt praesentium. Officiis soluta error fuga eos sint eos.','1974-12-17 03:31:49','2019-05-15 19:00:41'),(34,14,'Nam consequuntur ea aliquid voluptatibus eveniet et voluptates. Assumenda adipisci labore perspiciatis placeat. Odit exercitationem consequuntur earum.','Autem quis odit ullam vero error vel quae. Placeat itaque quia laboriosam et. Rerum unde quia veritatis facilis qui. Minus saepe debitis nam recusandae ut exercitationem cupiditate.','1997-10-25 10:55:09','2010-03-18 01:54:48'),(35,6,'Deleniti odio ut eos aut quo. In totam ut placeat exercitationem. Molestiae nemo quo voluptatum dicta.','Minima est accusantium voluptatem. Sunt sequi eligendi aut quam et minus modi doloremque. Est id et dolor ad eius. Repudiandae odit voluptatem impedit hic.','2016-08-09 10:17:42','2021-03-24 06:36:34'),(36,83,'Cum est blanditiis non est. Ipsa sunt velit ut. Magni quas sunt praesentium placeat est fugiat.','Inventore nostrum fuga nostrum architecto nam voluptatibus. Dolorem aut molestias qui. Vel molestiae odio consequatur vitae deserunt. Voluptas enim sit sit incidunt sit voluptas perferendis.','1978-07-14 01:12:42','1985-11-20 00:29:21'),(37,1,'Et voluptatem modi est occaecati labore sit alias. Debitis eos natus dolorem voluptatem suscipit nobis. Unde aspernatur veritatis sed libero.','Culpa animi natus officiis distinctio aut accusamus libero. Dolor atque voluptas corporis voluptas porro. Fuga aut et vitae molestias aut iure. Odit impedit at enim aspernatur quo ad.','2004-07-13 11:52:00','2020-02-08 12:28:28'),(38,52,'Consectetur eos commodi modi dignissimos earum. Earum rem placeat incidunt soluta nam et. Nemo qui et dolores illum sed distinctio assumenda unde. Eveniet rerum exercitationem mollitia quis atque et aperiam eligendi.','Dicta facilis eligendi animi. Illum expedita in eos autem. Porro ipsum repellat at quam.','1987-11-08 10:40:11','2013-03-22 02:10:49'),(39,60,'Repellendus odit nam magni in sed et velit. Quia totam libero excepturi qui minima expedita in.','Et soluta in a accusamus iure voluptas sed. Excepturi qui soluta rerum in id et soluta. Tempora aut qui deleniti id voluptatem. Velit ex sunt est eligendi dolorem tenetur hic.','1986-01-16 13:38:24','2003-05-27 17:21:11'),(40,42,'Voluptate dignissimos natus veritatis et quod eius doloribus officiis. Qui quos quasi accusantium eius necessitatibus expedita ut. Blanditiis sed quisquam dolor dolores odio. Nulla et optio sint accusamus similique officiis quas.','Aut voluptatem aliquam eos ut aut illo ut. Aut perspiciatis et natus qui molestias alias et omnis. Vel minus temporibus rem ab.','2001-10-05 20:17:55','2008-11-19 17:35:00'),(41,32,'Suscipit itaque id facere. Quia mollitia vitae pariatur voluptate. Deleniti aperiam inventore suscipit ea dicta. Sit qui qui voluptatem nisi aut dolorum.','Eaque dolorem minima dolores officia corrupti ullam voluptate. Consequatur tempora sapiente odit voluptate dolor. Aut porro possimus rem itaque.','1981-10-19 15:22:48','1982-05-18 01:37:34'),(42,33,'Architecto sunt est nihil quo nesciunt. Ea architecto numquam veritatis modi deleniti ut. Temporibus quo voluptas quis mollitia unde.','Recusandae possimus odit quia reprehenderit. Cumque saepe assumenda dolor eum aut. Reprehenderit eum ex accusantium. Quis sunt cumque ducimus velit porro.','1981-01-24 20:37:48','2014-04-23 23:07:52'),(43,69,'Quia maiores nobis quis in illum. Vel incidunt ad animi iusto. Ipsum aut sed possimus impedit vitae magni.','Qui et est sequi modi sequi. Enim possimus velit et sequi. Rerum et repudiandae hic dolores eum.','1984-11-21 10:35:24','2020-06-23 12:32:26'),(44,45,'Perferendis inventore earum enim recusandae ut. Blanditiis voluptas ullam ut necessitatibus dolor temporibus neque. Voluptate laboriosam a voluptas dolorem. Nobis asperiores deserunt sint est accusamus rerum et deleniti.','Aut qui animi voluptas et eligendi. Cum ullam quis praesentium est quo. Reprehenderit qui culpa eos quia dolores autem dolorem. Adipisci omnis esse assumenda veniam velit.','1984-03-09 06:41:49','1992-01-08 14:59:29'),(45,19,'Odio sequi sequi voluptatum reprehenderit debitis. Reprehenderit iure aut aperiam et corrupti delectus veniam. Voluptatem perferendis corrupti molestiae perferendis sit quia tenetur.','Ad doloremque labore assumenda cum rerum cum ut non. Labore soluta ipsum veniam sint voluptatibus. Repellendus pariatur consequuntur libero quisquam. Dolorem expedita ea rerum laboriosam nemo aut quasi.','1980-08-09 21:20:11','2006-02-19 16:54:51'),(46,56,'Qui temporibus et et adipisci accusamus. Eaque vero iste aperiam suscipit amet consequatur sed. Quo fuga architecto quaerat velit. Nam quod ut repudiandae ratione rerum.','Doloribus et atque suscipit est aut. Voluptas nihil amet sit labore omnis consequuntur. Dolor dignissimos id id quia distinctio labore dolores.','1979-12-11 05:14:03','2015-10-20 02:08:26'),(47,28,'Est eos eveniet sit asperiores. Pariatur fugiat nihil minus fuga fuga distinctio. In voluptatibus iure distinctio explicabo.','Debitis quod eum expedita saepe sed omnis assumenda. Aut qui in molestiae harum. Ipsa harum harum voluptatem voluptas dolore. Reprehenderit hic dignissimos velit earum aut consectetur sit.','1979-10-03 12:32:16','2014-08-10 06:43:50'),(48,69,'Sint veniam eaque nostrum natus commodi earum delectus amet. Magni aut blanditiis rerum voluptas architecto. Aut ipsa quia rerum neque aut sit ea. Culpa quas veritatis sunt sit.','Reiciendis voluptas repellendus voluptatem. Rerum non est quod dicta omnis veniam incidunt.','1980-03-19 10:32:29','1996-06-29 11:25:13'),(49,64,'Nobis doloribus dolor ut autem maiores quia. Neque fugiat qui ipsa. Quia nobis quibusdam non fugiat eum nisi.','Enim nihil similique qui molestiae aut assumenda. Quas et et provident saepe at iure. Tempora voluptatibus laudantium vel aut autem. Sunt quam est molestiae impedit.','1982-09-26 08:29:49','1991-06-25 10:51:33'),(50,11,'Est temporibus odio ex exercitationem eius. Quia sapiente quia ea quaerat autem. Hic recusandae dolorum nihil magni et voluptates. Quia sunt dolorem sint perferendis optio.','Consequatur laudantium voluptas voluptates quisquam voluptates eveniet. Eaque exercitationem blanditiis qui est atque voluptas. Nesciunt dolorum non veritatis pariatur ut vitae.','1985-06-27 15:21:09','2013-04-30 15:49:22'),(51,60,'At dolore sunt quo facilis ullam est. Sit ipsum et quis qui excepturi quibusdam veniam. Quidem praesentium reiciendis atque sed ratione.','Porro corrupti ullam in itaque ipsam aut nobis. Minus blanditiis qui ut in similique. Rerum natus labore nihil natus dolore explicabo. Animi consequatur illum repudiandae quia veritatis ut.','1983-12-18 15:57:18','2008-11-10 14:17:23'),(52,71,'Eius et voluptatem reiciendis hic. Esse molestiae porro omnis debitis. Eius odio blanditiis autem debitis.','Harum quam velit rerum aut et consectetur deleniti. Facilis quia sapiente explicabo qui. Possimus molestiae libero porro dignissimos est fugit saepe. Officia facilis quae expedita.','1996-09-24 01:14:34','2003-02-15 02:37:46'),(53,76,'Laborum cupiditate aliquam voluptatibus temporibus. Facere voluptate sit possimus doloribus iste dignissimos. Hic cum error voluptatem laudantium ut.','Molestias saepe ipsa et laboriosam eius. Totam illum aut dolor qui eius velit eveniet rem. Quae ex praesentium magni. Sunt atque sunt omnis ut inventore.','1992-07-01 21:07:28','2016-01-27 18:47:57'),(54,64,'Facilis atque delectus a neque deserunt cum ut. Totam expedita dolore aut est et molestiae necessitatibus. Quae sunt eveniet tenetur aut incidunt. Magni reiciendis et beatae dolores vero.','Quaerat necessitatibus aut consequatur harum necessitatibus. Quaerat natus vel quisquam nihil sit quos et.','1977-09-21 15:20:47','2008-07-26 18:55:03'),(55,95,'Dolorum voluptates impedit numquam ad commodi. Hic quia voluptas ut maiores. Tenetur fugiat omnis consequuntur earum eaque. Non totam a explicabo dicta. Omnis rerum consequatur totam et.','Non inventore dolores aspernatur rerum. Vero harum sed sint accusantium quia. Nobis vel odio est sunt molestiae possimus. Ad animi est necessitatibus et quis ea corrupti quas.','1972-05-25 13:09:18','2011-06-18 19:39:32'),(56,85,'Veniam debitis optio eaque distinctio dolor aut. Cupiditate enim distinctio vitae quia qui est.','Tempore beatae error magni ad repellat et. Facere odio adipisci veritatis autem consequatur dolores temporibus. Fugiat earum voluptatem harum laudantium.','1988-12-27 13:41:07','1989-02-10 23:04:09'),(57,38,'Ut error earum earum et. Enim aperiam a deserunt exercitationem laudantium voluptatem quis. Rerum explicabo quidem dolorem voluptate maxime assumenda necessitatibus similique. Qui esse illo sequi ut et atque.','Voluptas ad suscipit odit magni. In dolorem placeat qui inventore. Minus qui reprehenderit quas impedit dignissimos sit in voluptatem. Vitae quaerat tempora quibusdam quia et non.','1973-08-08 23:42:11','2001-08-28 04:51:29'),(58,34,'Expedita excepturi fuga praesentium quidem qui. Sunt eligendi quia rerum ut. Quasi voluptatem ut velit dolorem et ipsa et. Ratione est est perferendis esse reprehenderit. Ut est optio odit deserunt non ab vel.','Illo velit repellendus voluptatem explicabo. Ut possimus nam velit at. Possimus quam culpa et consequatur vero.','1992-09-11 22:28:11','2003-12-08 01:23:25'),(59,54,'Unde eum cum qui et. Inventore et quas enim autem id. Aut et voluptatum enim expedita animi ut ut. Quis rerum inventore ut impedit quasi dicta inventore et.','Voluptatem fugiat sint consequatur ipsam est molestias. Magni molestias odio eum itaque. Ipsam earum animi at. Est asperiores eos dolore id quia sit.','1980-07-26 12:15:29','1985-02-01 02:58:27'),(60,68,'Provident porro molestias eius minus sit et cupiditate. Nulla pariatur quae quo. Qui praesentium facilis ut molestiae est.','Similique nihil voluptas excepturi expedita inventore ipsa qui. Ea et nemo omnis consequatur magnam quidem dolorum. Corporis fugiat molestiae sit mollitia quam. Quisquam ut sint eligendi harum non quibusdam voluptatibus.','2003-10-18 18:39:19','2014-03-01 03:06:10'),(61,80,'Maiores quo architecto reprehenderit voluptas dicta consequuntur asperiores. Aliquid quas enim autem ut veritatis id at expedita. Aut alias excepturi sit deleniti quam.','Eos necessitatibus quos a molestiae officia quis dolorum. Et iste possimus temporibus culpa aperiam eos. Voluptate vitae fuga optio deserunt esse. Dolores quia accusantium qui qui.','1975-12-23 03:47:21','1986-08-27 19:36:28'),(62,98,'Error rerum quod ea sit natus. Sint autem sint deleniti ab aspernatur et aperiam est.','Aliquid et et quae molestias et. Dolore et cumque quibusdam tempora unde.','2009-07-13 23:59:01','2016-12-03 02:15:52'),(63,52,'Veniam aut magnam amet. Sint tenetur quis sit atque. Quia in porro nihil modi quo.','Repudiandae animi consequatur rerum sit. Ipsam voluptatem unde natus placeat. Accusantium alias tempore in quis.','1989-12-17 14:27:41','2008-07-20 13:23:36'),(64,64,'Maiores dolorem voluptas nulla doloremque sed. Aut blanditiis natus molestiae et inventore. Labore et voluptatem totam autem.','Ut quia porro dolorum. Consectetur quisquam et voluptatem minima magni delectus. Tempore quasi magni ut reprehenderit sunt quia et.','1971-09-22 14:27:11','2006-08-19 03:59:49'),(65,63,'Animi id suscipit cupiditate exercitationem. Quia reprehenderit hic quibusdam unde ex et enim. Est impedit amet tempora voluptas et ut provident.','Explicabo nesciunt aliquid dolore et tempore. Iusto at praesentium inventore ea. Molestiae sunt ratione recusandae similique quaerat soluta rerum.','1978-04-25 11:30:47','2018-12-11 22:05:59'),(66,25,'Sunt quod repudiandae magnam minus quas aut. Beatae in laboriosam quo autem. Cupiditate voluptatum officiis itaque et. Porro aliquid deleniti est itaque dolorum.','Architecto sit aut consectetur aut veritatis ratione. Neque maxime nostrum nisi rerum quae aut nobis. Nihil beatae doloribus sed blanditiis.','1972-11-27 03:37:27','2016-01-09 14:17:02'),(67,33,'Omnis voluptatum eligendi rerum beatae qui enim eaque. Consequatur et et soluta quaerat. Necessitatibus illum quo non consequatur animi. Et illo soluta fuga dignissimos aut et quia vitae.','Non incidunt in et voluptas. Ab facere ut magni placeat. Corrupti molestias maiores dolorem possimus et dolores quia voluptates. Similique quam non unde qui corporis.','1976-10-11 10:46:04','1995-05-28 18:46:28'),(68,89,'Itaque perspiciatis mollitia minus qui cumque. Aut fuga qui sed laboriosam voluptatum. Modi dicta incidunt cumque sed eum. Consectetur incidunt vel ratione ipsa.','Soluta aut id labore eum. Itaque asperiores nostrum nostrum. Beatae eos enim adipisci ut vel iure sed. Molestiae magni optio tempora corporis sunt aut eos.','2005-05-10 09:37:39','2018-02-25 17:33:13'),(69,50,'Culpa nisi exercitationem aut alias. Dolorem ut sapiente recusandae aut. Et neque a et iusto delectus voluptatem laborum.','Blanditiis ducimus earum aut nihil earum in occaecati dicta. Corrupti nobis voluptatem architecto aut harum nesciunt quaerat. Qui minima sint fugiat id animi est perferendis nesciunt.','1992-08-11 19:43:33','1995-04-08 21:58:14'),(70,79,'Aut est ea provident quos et nulla. Voluptate qui earum exercitationem quisquam saepe dolorem suscipit. Tenetur ut eum ab.','Id sunt consequatur et ea ut aut animi. Perspiciatis possimus soluta iste et et aut. Nostrum nobis voluptatem labore et itaque sed vero autem.','1971-01-02 00:31:32','2010-08-27 13:37:33'),(71,50,'Non delectus est vero ipsa sit. Nihil illo ab quibusdam laboriosam velit est sequi. Officia rem quae aspernatur. Necessitatibus qui et sapiente eos consequuntur est excepturi.','Quos eos sunt tempora est occaecati et. Dolorem perspiciatis magni dolorem nam voluptate. Aut earum maxime ea esse impedit sed.','1995-07-14 13:07:34','2020-05-08 12:28:54'),(72,9,'Aut explicabo doloremque quae. Dolor nisi qui et nihil vel. Qui similique mollitia modi sint.','Cum consequuntur non culpa nam. Perferendis voluptatibus quod quidem omnis. Eos eos ab reprehenderit omnis quia aliquam.','1975-05-03 18:50:46','1985-05-03 07:50:30'),(73,95,'Maiores quasi consequatur molestiae praesentium qui suscipit beatae et. Rem voluptatem quibusdam consequuntur aspernatur. Rerum nisi veritatis inventore aut quia ad doloremque. Atque quia aperiam totam sed tempore. Qui ut dolor omnis in ad veniam ea.','Exercitationem molestias omnis doloremque. Voluptas quo repudiandae vitae at ut asperiores. Eius et delectus eos. Sint facilis eos facere in est.','1974-09-13 08:17:52','2002-10-20 13:26:29'),(74,50,'Voluptas deserunt maiores distinctio ea dolores et. Velit accusantium illo tempora ut. Temporibus beatae omnis eos earum dolore cupiditate.','Et sint molestiae est est numquam provident est. Impedit sint sit quos doloribus amet corporis impedit. Animi id ullam magnam tempore similique. Consequatur porro doloribus veniam rerum.','1987-07-07 21:03:11','2000-11-06 18:36:06'),(75,66,'Rerum ut aut sunt exercitationem necessitatibus quo. Alias ex quas est nobis. Esse sint reprehenderit et quae repudiandae veritatis.','Quas est facere ut dolor nisi totam. Ipsa sit cupiditate sint aspernatur voluptatum impedit eius. Impedit consequatur et et laudantium adipisci architecto. Rerum id nihil voluptas consequatur dolores.','1982-12-27 08:13:30','2003-04-02 23:21:49'),(76,77,'Eum consectetur architecto debitis earum aut numquam corrupti. Deserunt rerum impedit earum vero quo quis. In doloremque quod fuga quis repellat nesciunt iste.','Autem quisquam eveniet nihil eos ipsa earum non cum. Sint est accusantium fugiat porro. Enim officia non fugiat dicta et quod quas.','1995-08-18 14:43:25','2021-03-01 04:43:15'),(77,90,'Unde veritatis et excepturi tempore. Numquam eum non enim error quia qui consequuntur. Blanditiis pariatur qui dolorem porro.','Et deleniti dolor rerum quia quia. Officia non accusantium nam. Qui culpa velit impedit qui velit. Et sed possimus molestias. Quas rerum deleniti nam sed aliquam voluptatem.','2004-10-01 09:23:06','2005-12-23 23:45:39'),(78,19,'Est facere sapiente ut accusantium. Minima omnis voluptatem nisi. Et quam necessitatibus rerum provident consectetur vero dicta. Culpa qui ducimus labore alias temporibus voluptatem.','Doloremque consequuntur perspiciatis deleniti voluptatem porro et. Rerum molestias aut aut quia nemo veniam voluptatem.','1996-03-31 12:54:52','2012-04-19 09:40:13'),(79,24,'Praesentium tenetur et dolore eaque. Qui voluptates eum reiciendis doloribus excepturi. Molestias tenetur amet voluptatem. Incidunt tempore sit sapiente dolores ut harum pariatur.','Dolores quia libero at est qui. Dolorem assumenda illum maiores odio quos omnis. Ut similique omnis alias sapiente aliquid nostrum autem.','1981-12-25 09:47:30','1983-10-30 20:49:14'),(80,61,'Quae ex explicabo corrupti laudantium enim animi. Ratione eaque sed nemo. Fuga fugit nulla culpa aperiam. Quidem molestiae sit quibusdam debitis similique et.','Labore sapiente molestias aut. Quo quis voluptas fuga. Doloribus soluta distinctio dignissimos est. Quis ab quia odio nobis omnis. Consequatur eum culpa accusantium veritatis quia aut animi.','1992-04-26 17:15:18','2019-03-05 15:53:46'),(81,37,'Dolor voluptate praesentium perferendis similique. Repudiandae voluptate fugiat incidunt corrupti aperiam asperiores eum. Voluptatem rerum reprehenderit et non fugit omnis voluptas.','Dolorem unde nesciunt eaque rem modi qui debitis voluptas. Animi voluptatem voluptates odit cumque minima facilis quasi labore. Deleniti porro dicta fuga exercitationem cupiditate at. Sit voluptatem qui minus maxime consequatur. Ab quod dolor quisquam.','2012-01-08 14:24:41','2019-11-14 01:20:49'),(82,97,'Non sequi incidunt unde. Deserunt nisi et molestiae qui omnis libero ad doloribus. Adipisci sapiente magnam consequatur nihil blanditiis repellendus.','Nostrum modi aliquid occaecati. Aliquid quos corrupti nihil et sequi possimus. Ipsam quod necessitatibus et iste eligendi inventore. Sequi repellat quaerat est nemo nihil eum.','1994-01-12 12:47:50','2001-05-23 15:43:59'),(83,78,'Sequi velit sequi mollitia aperiam. Voluptates ab voluptas consectetur consequuntur ad a quidem. Est similique quis alias esse.','Voluptatem natus laborum sed est. Explicabo est et sint dolor officia ut praesentium beatae. Voluptatem libero tempora aut hic ratione. Fuga iste sed quae ut est laudantium voluptatem.','1978-08-31 12:39:06','2005-01-31 19:15:34'),(84,1,'Autem quo quae quibusdam in. Dolores officia cum corporis et. Facere ipsum voluptatibus atque voluptatibus a nostrum. Aut non est dignissimos quia non quia voluptatem.','Eum aut suscipit id. Voluptas non consectetur veritatis magni. Officiis ullam qui quas quia asperiores deleniti.','1993-05-07 09:42:47','2009-03-05 05:52:57'),(85,68,'Aut ut assumenda consequatur animi. Dolor assumenda sed eligendi quasi ea voluptas mollitia ad. Quidem et ut quam dolores. Deleniti non est ab recusandae quis dolores.','Fuga debitis enim sit facilis optio. Accusamus eveniet fuga dolor aut. Deserunt in accusantium libero ad. Est velit et unde quia odio labore.','2001-09-14 00:49:13','2015-07-24 19:46:15'),(86,37,'Ad corrupti consequatur quibusdam omnis magnam eius reprehenderit. Rerum molestiae velit id. At officiis asperiores et illo tempore ut deleniti.','Consectetur minima dolor vero non. Sit sed vero dolorem consectetur necessitatibus. Provident aut harum nulla omnis. Et quis qui itaque aut aliquam quidem ipsam.','1972-02-05 12:38:36','1979-04-06 11:39:01'),(87,80,'Quo aut perferendis est eum quos totam qui consequatur. Dolores et inventore quae. Reprehenderit consequatur deleniti et illo cum totam. Quisquam et blanditiis doloribus doloremque suscipit.','Deleniti illum dolorum repellendus. Explicabo dolore voluptatem quis ipsa nisi ipsum.','2009-03-09 02:38:57','2010-02-04 02:19:07'),(88,89,'Recusandae qui assumenda ab placeat rem sequi minus modi. Quo eum molestiae officiis. Temporibus animi voluptas quia porro consequuntur tempore. Consectetur alias illo velit consequatur.','Enim sit officiis necessitatibus. Earum quia et aut porro deleniti et. Minima similique iure eius voluptas quam non suscipit quas. Consequuntur reiciendis molestiae impedit odit aut doloremque.','2000-01-03 09:41:38','2012-11-07 15:23:22'),(89,7,'Cumque dolorum est autem vero eaque occaecati. Quidem ipsa ut totam quidem maxime maxime. Magni ullam commodi est nihil.','Sint vel ut sint sed voluptates. Quia voluptates saepe id quia. Maxime quas et possimus ut quia et unde possimus.','1994-03-03 01:58:44','2020-01-25 11:43:43'),(90,66,'Odio provident veritatis voluptatum excepturi. Repudiandae eum libero voluptates dolores eos tenetur dolorem. Quam iure est numquam repudiandae.','Tenetur ullam assumenda ad dolorum et eaque. Et illum culpa modi illum dolor earum sit. Nihil corporis voluptatibus nobis dolores magnam nam totam.','1998-09-23 16:02:12','2015-12-02 23:08:08'),(91,12,'Sint quam et aut eum dignissimos eveniet. Quam est impedit voluptatem delectus et quidem. Qui quibusdam aut aspernatur.','Tempora expedita est vero nisi dolorum quasi voluptates minima. Eveniet sunt et vero vero velit aut. Mollitia quas eveniet eligendi possimus est sed. Non qui sit deserunt modi et voluptatum nemo eligendi.','2002-02-10 17:11:47','2011-11-17 20:31:14'),(92,61,'Rerum ex suscipit dignissimos. Veniam mollitia sint et assumenda dolorem earum rerum. Culpa officia officiis numquam commodi natus sit. Recusandae omnis adipisci nihil laborum.','Minima sint aut commodi iste. Est eum aut eaque error quo. Quia consequatur iure cum. Eum quibusdam velit facere cumque fuga.','1983-06-26 22:55:21','1988-11-04 02:07:04'),(93,67,'Dignissimos ipsa quisquam et earum possimus sunt veniam. Perferendis ea cum fuga ea aliquid autem. Accusantium qui quis repudiandae eos incidunt beatae. Velit fugit qui pariatur.','Ducimus eveniet soluta voluptatem quidem officiis quia aut. Voluptate saepe nobis amet nobis quo ut. Rerum non id eum.','1987-03-29 14:45:16','2005-03-20 16:03:37'),(94,55,'Ducimus hic ex reprehenderit sunt et id voluptatem repudiandae. Iste saepe pariatur esse explicabo. Aliquid qui est occaecati repellendus.','Et qui sint eligendi minima excepturi id. Ea nobis deserunt ducimus. Aut ratione ratione ipsa voluptatum asperiores.','2003-04-30 21:08:25','2009-05-12 13:02:58'),(95,72,'Et voluptatem nihil eaque reiciendis minima libero. Quis delectus quisquam quia optio harum atque.','Enim hic incidunt eligendi nihil. Et ut culpa magni architecto iusto. Dignissimos minus eaque distinctio autem voluptas.','1977-08-23 15:36:34','2012-08-09 00:06:17'),(96,97,'Quia et quas voluptas eos placeat dicta. Atque qui doloribus quasi repellat ad. Sunt deserunt inventore temporibus similique qui doloribus nisi.','Est nobis dolor molestias quia soluta sit. Ab et officiis perferendis illum quam ea. Quis omnis eius ipsa a laudantium nulla perferendis quia. Voluptas quasi necessitatibus minima ducimus quis unde. Deleniti est ratione et in et eos.','1997-09-28 04:39:40','2020-10-21 21:36:43'),(97,69,'Tempore aut at commodi et velit. Repellendus inventore magni nihil porro nobis consectetur molestiae.','Deleniti consequatur provident at est repudiandae optio. Illo quos recusandae alias cupiditate pariatur sunt velit. Quia repudiandae mollitia repudiandae nostrum numquam eligendi.','2002-03-26 20:56:10','2016-04-23 20:22:17'),(98,53,'Voluptatem quos aut dolore iure dolores rem. Ut voluptas numquam ipsam voluptatem itaque nam tempora. Nihil eveniet aliquam aliquid odio minima totam qui. Eligendi animi natus occaecati illo cumque.','Sapiente deserunt unde maxime et fugiat. Veniam dolor officia aut minus corrupti dolore. Explicabo nihil provident ipsum eaque ratione laborum et.','1997-08-09 08:25:03','2007-01-31 17:36:55'),(99,59,'Aut est atque veniam doloribus sed. Debitis fugiat quasi non ut inventore. Aliquid ad corporis quia et mollitia sed. In provident maiores non harum.','Nulla qui commodi ea. Ullam rem aut ratione et excepturi quisquam ut. Harum explicabo facere quia ea.','2016-08-03 12:05:15','2020-09-07 17:57:41'),(100,37,'Maxime aperiam autem sequi alias autem quae. Tenetur quia eos at quas ipsa provident ducimus sequi. Placeat ut pariatur blanditiis reprehenderit accusamus earum sed atque. Magnam quia facilis eius rerum ipsa qui animi hic.','Voluptatem molestiae velit aspernatur aut cumque qui. Natus aut odit occaecati nihil sequi repellendus et. Autem ut aut omnis voluptatem dignissimos.','1991-11-03 14:17:05','2000-08-31 09:40:48'),(101,9,'Qui officiis sint quis facere totam. Quos asperiores ut ea ipsam eaque sed. Autem qui sed et. Voluptatem magni aut veniam labore beatae voluptatum at.','Amet eum rerum culpa quibusdam ipsum voluptatibus corrupti. Eos nihil quia numquam debitis assumenda.','1990-07-05 19:54:09','2000-08-24 20:05:48'),(102,30,'Animi blanditiis et aut odio quia dolorem. Omnis rerum non optio. Adipisci totam ratione numquam molestiae magnam dolorem eum.','Quia sunt maiores odio tempora dolorem eaque. Aut pariatur laboriosam voluptas sint amet enim. Vel et et illum esse doloribus provident blanditiis. Facere voluptatibus quae ut quo suscipit quo quia.','1974-05-24 11:57:17','2017-09-27 07:10:01'),(103,26,'Nesciunt error animi quisquam atque. Perferendis autem omnis numquam exercitationem possimus et. Quidem adipisci dicta quas.','Reprehenderit aut ab magni quaerat iste. Repellat autem architecto velit quam consectetur ea. A consequuntur ipsum ipsa qui. Minima aperiam quos ratione consequatur maxime.','1979-12-07 17:35:42','2009-08-20 10:16:24'),(104,36,'Eum aut nulla mollitia quos qui ea. Culpa vero iure harum eaque omnis tempore. Quibusdam ipsum porro doloremque quia. Necessitatibus quia et laborum reprehenderit nobis.','Dolores vel molestiae corrupti nihil vel. Error aliquam iste illum aut et sapiente quasi minima.','1998-09-18 23:40:15','2000-09-02 13:56:26'),(105,5,'Natus vel est distinctio voluptas voluptatum corporis. Sed aperiam et iure temporibus. Consectetur cupiditate nobis magnam fugiat fugiat tempora. Magni incidunt aut at repudiandae sunt.','Et explicabo labore repellendus quod culpa ducimus. Eligendi et sint fugit amet deserunt. Consequatur tempore ullam ut placeat.','1972-08-26 21:57:19','2012-08-09 23:56:10'),(106,17,'Et qui eius ducimus. Reprehenderit dolorum facere porro. Minima dicta consequatur optio. Dolorem eum et iste qui dignissimos porro.','Praesentium aperiam et deserunt corrupti aut qui sunt commodi. Earum quia culpa minima accusamus. Aut vitae quaerat praesentium dolor qui. Voluptates magni recusandae aliquid cumque incidunt sed consequatur.','1987-11-22 09:36:37','1991-05-04 08:49:09'),(107,68,'Eos consequatur et hic. Consectetur voluptas aliquam nostrum dignissimos voluptas ut et. Architecto voluptatem nulla recusandae dolorum quis. Et optio voluptate et perferendis animi amet.','Quis praesentium voluptate autem occaecati magni. Natus nulla sit qui maxime. Possimus est aut tenetur perferendis incidunt beatae esse.','1995-09-01 15:25:27','2005-04-05 23:36:58'),(108,90,'Vel architecto quod in ut ut. Error dolores nisi doloremque illum hic. Soluta repellat totam asperiores quo mollitia. Harum impedit ad qui nisi ea sit.','Accusantium quis eligendi molestias dolor expedita. Sint maxime minus aut est autem. Ullam laudantium nemo unde qui nihil quidem vitae cupiditate. Quia dolorem culpa quisquam.','1979-06-19 03:28:09','2015-05-11 22:00:14'),(109,48,'Ipsa corrupti recusandae et aut. Quae aut perferendis et sunt molestiae quasi. Magnam aut excepturi nam temporibus voluptates aut.','Non et ad odit qui qui at. Sed et facilis aperiam reprehenderit minus. Laudantium amet modi et officia eos eaque animi.','2012-03-21 18:44:37','2013-06-08 13:55:12'),(110,68,'Dolor esse accusamus ex non veniam. Earum enim eos quas quasi molestiae corporis sapiente. Voluptatem consequatur dolores expedita impedit voluptatem ea.','Rerum nulla nihil necessitatibus. Fuga sed neque et voluptatum vero. Et quae ut odit rerum facere odit. Nihil voluptatum eveniet iusto molestiae iste nobis mollitia minus.','1997-01-22 15:34:59','1997-03-21 01:53:31'),(111,98,'Ut eos eius molestiae nisi. Blanditiis facilis beatae assumenda dolore consequatur asperiores architecto. Mollitia quam minus blanditiis ea corrupti ducimus.','Consectetur rem provident quo. Necessitatibus sequi impedit dolores sint quo incidunt. Sint impedit eos qui nulla. Et tempora et minus quasi.','1982-05-21 07:00:33','2007-01-09 01:30:38'),(112,85,'Dignissimos facilis quia aliquid in. Enim consequatur autem cupiditate nulla in deleniti. Fugit eaque quo aut autem odit quisquam voluptatum. Dolore voluptatum sequi voluptatibus rerum sed.','Iste velit repudiandae necessitatibus harum numquam consequuntur. Atque cupiditate nisi voluptatum fugiat amet consequatur asperiores. Ut et officiis aut provident voluptas dolorum. Autem ut esse vel consequatur quia.','1977-08-13 22:50:07','1990-02-17 05:38:00'),(113,34,'Ipsum autem quod repellendus tempora similique. Blanditiis eum perferendis expedita non est enim. Iste illum distinctio et impedit.','Rerum et sapiente dolore nostrum laudantium necessitatibus quasi. Sed dolorum qui quis. Voluptates suscipit reiciendis sed.','1996-06-16 09:51:05','2020-11-01 00:17:06'),(114,11,'Architecto voluptatem corporis asperiores et. Aut ullam non voluptas non. Temporibus quia non ducimus eaque qui cupiditate.','Quia beatae asperiores esse vel ut quo. Tempore ut vel dolorem non reiciendis. Facere qui est ex nemo illum et.','2004-01-04 15:01:18','2012-03-08 21:50:20'),(115,53,'Repudiandae porro voluptas et soluta mollitia odio. Laboriosam ipsam vitae excepturi minus. Dolore quam at fugiat.','Nobis nisi nostrum quo rerum ut qui similique. Aut officia nemo nihil. Sit ut numquam nulla eum repellendus aut. Modi excepturi et eum fugit aut ea.','1997-11-05 14:56:44','2001-01-22 19:57:50'),(116,32,'Saepe voluptas voluptatem odit sit nesciunt. Iste quis earum tempora perferendis nesciunt rerum sint. Repellat ut quia ducimus similique.','Quos ex aut aut. Perferendis tempore quisquam sapiente nihil accusantium delectus tempore.','2016-02-19 03:09:08','2019-05-23 14:44:25'),(117,2,'Asperiores natus inventore qui et. Dicta rerum quae provident praesentium iure hic in. Est est consequatur in nesciunt facilis sit et. Qui facilis quia inventore. Maiores nostrum voluptates sunt consectetur sit hic.','Labore atque voluptates qui nesciunt minima. Quia dolore et est ducimus est vel est.','1971-09-14 22:58:40','2018-10-09 05:17:04'),(118,11,'Iste consectetur molestias culpa recusandae provident rerum architecto ut. Omnis esse quia aut. Culpa nulla et repellendus consequatur.','Aut aperiam fugit sed aut officia id. Quae sunt eum aperiam quia voluptas. Magni ipsam inventore explicabo fuga aut quibusdam dolor. Quibusdam at optio dolores quidem.','1989-02-01 01:17:16','1990-06-14 13:33:09'),(119,47,'Pariatur vitae quia laborum voluptatem dolorem laudantium magnam. Voluptas veniam ut rerum sint exercitationem officia nulla. Libero laborum dignissimos consequatur quia sit voluptates.','Aut et magnam unde. Architecto adipisci aperiam consequatur minus non. Amet facere quas non.','1979-06-30 16:53:54','2008-01-30 01:08:32'),(120,7,'Quod consequuntur quia a est. Non nemo ratione enim culpa. Aperiam illo dignissimos non. Mollitia animi numquam sed iure et. Odit natus consequatur nostrum omnis exercitationem fugiat modi.','Voluptas odit et quaerat eaque autem aut. Et omnis fuga eaque non. Ipsa corporis natus fugit repellat labore.','1991-08-20 18:35:48','2018-10-21 01:33:01'),(121,91,'Voluptatibus sint architecto molestiae voluptatem. Placeat consectetur alias ut optio asperiores. Consequuntur laborum laboriosam omnis quia culpa.','Dolorem itaque quia voluptas eos aut. Ea beatae quas maiores sunt. Ut ad quis fuga in quia. Sed vel voluptatem excepturi quia officia maiores et.','1986-04-21 06:27:47','2013-04-10 08:00:30'),(122,35,'A veritatis vero omnis consequuntur aperiam. Tempore vero sed aut. Excepturi fugiat repudiandae consequuntur repudiandae.','Doloremque ut ab ut nihil dolorem. Mollitia voluptas nesciunt autem sed quis voluptatibus deserunt quia. Asperiores et illo consequatur accusamus aliquam eos.','2000-08-10 11:24:47','2007-07-03 22:15:56'),(123,2,'Nulla dolores quod tenetur architecto itaque aut. Nisi sit et corrupti aliquam voluptatem. Molestias quam qui assumenda ut quo laborum.','Facilis temporibus quidem beatae eos voluptate ad. Fugit tempore ut consequatur quo. Est sunt quod velit enim laboriosam iusto quaerat.','1979-11-21 14:57:48','2006-10-03 14:44:13'),(124,4,'Doloremque sit sed cumque necessitatibus cupiditate sunt officia. Laborum laboriosam nihil eveniet voluptatem. Ipsum nobis voluptatem vel eveniet ipsum totam quia. Culpa corrupti nemo dolores aut enim laudantium.','Vel earum facilis nihil saepe dolorem. Possimus quia et ipsa dignissimos animi at illo. Velit eum odio occaecati dolores.','1994-07-29 06:56:45','1999-01-14 05:00:09'),(125,13,'Natus magni rem voluptatum. Deserunt consequuntur dolorem dolorem molestiae dolorum velit. Ipsam corrupti maxime ipsam quas.','Quas inventore qui dignissimos rem quia consequatur. Vero vero et voluptatum aut. Inventore repudiandae dolores omnis qui. Est temporibus aut ratione in harum qui.','2008-04-05 21:12:04','2012-10-10 01:31:52'),(126,54,'Eum quia in aliquam. Quam a beatae nobis dolor nobis corrupti eveniet. Quod sit nisi provident vel porro. Occaecati cupiditate quidem consectetur voluptatem aliquam ea.','Ut quia quos ratione accusamus odit. Aut eligendi minima consequatur repudiandae in. Veniam ipsa aut dolorem fuga suscipit placeat.','1972-12-18 13:16:17','2015-01-19 02:05:10'),(127,34,'Aut sit quod pariatur illum. Soluta autem magni similique dicta vitae possimus. Et eum illo quia sed. Enim enim cumque fuga.','Quae et similique veritatis recusandae. Ut ut ut esse consequatur est. Et numquam vel est odio quis omnis officia a. Vero iure est est minus dolorum expedita. Fugiat eligendi consequuntur reiciendis et voluptatem quos.','1999-05-14 03:42:18','2013-03-01 22:21:57'),(128,4,'Natus quidem eum fugit corporis. Tempora sapiente minus labore et qui. Cum velit similique a molestiae quasi consequatur. Et provident rerum consequatur. Magnam vel in asperiores explicabo earum.','Eveniet quo et animi vero ut expedita quia magni. Nulla suscipit accusamus nemo quam. Suscipit at iusto consequatur. Vel molestiae iure et ut.','1972-03-06 04:45:37','1973-10-21 08:57:04'),(129,17,'Dolor architecto eum assumenda. Tempore vel ex voluptates. Hic est aut minima autem. Dolor voluptas fugiat et illo libero quis qui.','Odio dolor necessitatibus voluptas perferendis accusantium odit rem. Sunt autem ut dolorem ad.','2001-07-14 19:39:04','2012-03-09 22:36:20'),(130,72,'Vel voluptas dolorem ea fugit autem. Aperiam rerum eligendi rem fugit mollitia. Laudantium enim beatae voluptatibus. Facere debitis repellendus in qui. Dolores saepe et impedit rerum libero.','Dolorem magnam fugiat delectus doloremque soluta doloribus vitae. Id vel occaecati officiis ut dignissimos quam veritatis. Facere cumque eius rerum qui iure ut voluptatem.','1981-07-15 07:44:57','1985-09-05 05:37:59'),(131,13,'Non rerum rerum eveniet laboriosam impedit doloribus. Ut eos quisquam quaerat dolor vel enim. Aperiam enim repellat qui. Eligendi quis excepturi ipsum optio et et aut.','Eum nihil voluptatem quos corporis natus sapiente. Ut qui ullam quo provident quos molestiae. Eaque deserunt laudantium soluta quis et dolorem ab sequi.','1971-09-03 01:45:30','1979-07-10 07:50:46'),(132,44,'Enim asperiores consequatur debitis est quia ad. Ut non ut ut illum ut atque. Tempora placeat eos facilis pariatur sint repellendus ut. Odit facilis eius id.','Dolorem aliquid praesentium dolorum vel. Qui at explicabo eum rerum. Placeat voluptatum eos eum et molestiae corporis aperiam quis. Et possimus quasi est quo.','1990-10-24 16:15:02','1992-05-26 20:36:56'),(133,82,'Maxime similique consequuntur dolor incidunt. Velit reiciendis molestias qui. Sapiente vitae est molestiae.','Earum molestias vel ipsam rerum. Quia atque deleniti mollitia sint expedita. Aut magni repudiandae ea debitis. Rem esse minima ex a.','2001-12-20 05:09:46','2001-12-28 15:21:23'),(134,82,'At quia deserunt pariatur hic quia consequatur dolor. Aspernatur et tenetur nemo. Quisquam qui molestiae sunt quam unde magnam.','Rem in et voluptas et voluptatem quod. Modi sed non ut quae sint dolores quas. Officia non ipsum harum rem et sint quaerat. Natus consequatur corporis sed quia aut beatae sed quia.','1980-11-24 07:10:32','2008-03-17 00:53:39'),(135,62,'Sed deleniti porro debitis. Praesentium ut voluptatem nesciunt odit eum.','Impedit vitae qui optio deserunt minus aspernatur ut. Aut esse voluptatem corporis. Soluta in at rem quia nihil ut architecto.','2006-07-18 16:50:13','2020-12-09 05:20:28'),(136,65,'Ullam esse consequatur aliquam vel ea labore debitis et. Occaecati quaerat voluptatum at omnis occaecati a illum. Quia dicta vitae ut deleniti quos ullam. Dolore quia eum rerum ipsam non laborum.','Explicabo rerum ut voluptas necessitatibus sed minima ea. Aut sit excepturi culpa non officia distinctio enim. Dolor voluptate autem et impedit. Qui quia quia est quaerat ea sed corporis.','1986-12-04 07:42:11','2009-12-14 16:28:39'),(137,39,'Quia praesentium laudantium porro consectetur. Amet vero sed ex nisi. Aliquam beatae qui vero incidunt consequatur quisquam commodi. Accusamus perferendis magni ex illo quidem non sapiente.','Enim qui adipisci dicta et nihil. Ipsa quas recusandae veniam est natus quis. Quod repellat eum voluptatem eveniet perferendis doloremque dicta quia. Odio et numquam nobis at iure eligendi tempore. Eaque cum qui et quibusdam ad.','1978-09-04 09:17:16','1990-01-29 03:14:40'),(138,1,'Ut id iste quod at est natus. Fugiat maxime consequuntur voluptas debitis consequuntur saepe distinctio. Dolor consequuntur sit mollitia perferendis.','Quisquam vel excepturi officia. Sint eius et et. Accusamus consequuntur enim ab unde.','1996-12-09 18:38:22','2001-04-04 16:42:37'),(139,86,'Et sunt molestiae dolores voluptas molestias. Sunt quis ipsam dolorum. Ut eos voluptas est sit. Enim officiis sunt dolor quia. Sapiente commodi sed tempora voluptatem vitae aut ut et.','Sit ad suscipit quidem. Ratione a qui cumque blanditiis natus. Aut enim et unde aut ad fuga sed. Animi voluptas ex eius commodi.','1974-11-18 19:21:17','2002-07-01 07:45:36'),(140,28,'Unde ea nam quis aut odio. Vel laborum nisi sint nobis est minus laborum est. Nesciunt qui praesentium qui architecto dolorum expedita amet non.','Qui ad vel at qui adipisci similique. Laboriosam est ad in odio. Quisquam necessitatibus natus eligendi excepturi. Hic iusto omnis accusamus ut rerum. Magnam consequatur repellat maxime minima fugiat soluta sunt.','1992-10-17 21:51:30','1994-08-01 05:29:24'),(141,81,'Incidunt autem unde qui laborum. Qui saepe voluptatem et aliquam. Non quo eum voluptatem qui aliquam voluptates. Aut sint praesentium rerum architecto quos sapiente est.','Officiis esse vel occaecati. Aliquam aut consectetur in beatae possimus omnis quae. Ipsum consectetur deserunt quia alias eligendi omnis rerum sunt.','1994-05-05 21:44:15','2000-10-21 07:30:40'),(142,23,'Omnis non est reprehenderit voluptate qui fugit assumenda. Expedita dolor facere aliquid perferendis ipsa qui mollitia. Error sunt eos quas sint est ab iste aut.','Facilis velit corrupti odio. Sit earum possimus dolorem itaque quia.','1979-07-28 13:23:03','2003-08-12 06:05:38'),(143,71,'Error iure sit explicabo assumenda aut. Quia libero perspiciatis labore nulla qui maxime dolores assumenda. Eligendi sed harum minus voluptas. Ab voluptatem non enim est mollitia perferendis.','Maiores ipsum consectetur impedit assumenda beatae dolor facilis. Reiciendis repellendus qui sit. Illum ut quos ex natus. Et dolorem ut eveniet porro enim necessitatibus dolor.','2002-09-25 07:18:02','2004-12-08 19:50:51'),(144,88,'Quam iusto ea dolores voluptatum voluptas. Quo dignissimos fugiat tempora vel ea. Delectus excepturi odit culpa quia. Assumenda assumenda quidem aut omnis ducimus.','Pariatur nihil vel odio nemo quos qui. Non sed soluta expedita dolore ut asperiores. Rem perferendis nihil ea totam.','1982-12-02 05:27:18','2009-04-25 02:57:37'),(145,28,'Dignissimos beatae sed iure ut quod. Accusantium dolor sed vero porro voluptatum tempore libero at. Error maxime excepturi debitis corporis est itaque ullam. Accusamus quia quo aut iusto iusto. Aperiam voluptate nihil incidunt nobis cumque et id.','Fugiat repellat dicta asperiores amet ipsa. In et minima quos qui qui. Reprehenderit aut quibusdam vel esse voluptas quis. Aut nam corrupti minus dolorum cumque et dolorum.','1977-11-15 03:30:20','1994-10-17 09:07:11'),(146,72,'Repellendus molestias quasi repellat repudiandae odit. Qui voluptas officia ratione aut. Voluptatem non blanditiis est necessitatibus aut. Soluta vero aliquam et voluptatem rerum.','Culpa corrupti labore ad ad. Sed et deserunt soluta labore aspernatur qui veniam mollitia. Aperiam deserunt non id. Est doloremque placeat amet error.','1995-08-05 09:18:23','1995-09-01 23:16:08'),(147,77,'Nulla est sunt cumque. Laborum soluta voluptatum odit ad rerum. Voluptates quia quia nobis vel molestiae cumque. Rerum dolorem quia nisi exercitationem sunt qui. Est et ipsam ut quas sint iste quae.','Accusamus sed adipisci aut voluptatum consequatur dolores placeat. Quis incidunt consequatur repudiandae consequuntur quis. Laudantium ea nulla corporis tenetur quisquam consequatur. Assumenda aliquid sed qui eos iure. Quia quidem aut eos quibusdam illum.','1992-04-22 15:02:59','1993-02-05 20:27:35'),(148,71,'Aut deleniti exercitationem repellendus accusamus nobis suscipit. Architecto iste nisi facilis quia ad. Rerum accusamus harum reiciendis suscipit placeat et quis ea. Harum qui sed sit id consequuntur id. Culpa dolores odio dolore ea recusandae.','Voluptate voluptates similique officia officia qui autem velit. Sit blanditiis sapiente aliquam aliquam exercitationem ut provident praesentium. Et fugit blanditiis fuga omnis. Accusamus voluptas iusto tenetur earum quia sint.','1974-05-04 22:15:30','2015-09-06 16:49:16'),(149,23,'Enim eum officiis non sint. Quia debitis dolor libero asperiores soluta tempore. Corrupti voluptate ipsa voluptatum placeat. Ad voluptas aut vel aut totam.','Consectetur et asperiores vel voluptatem aut non. Perferendis molestias et possimus alias non. Non magnam beatae dolores nihil necessitatibus. Animi minima amet reprehenderit sed voluptates qui.','2004-04-25 14:19:47','2012-08-15 03:07:35'),(150,3,'Aut ut mollitia quae quis impedit similique iste reprehenderit. Nobis eius dicta quos voluptatibus soluta voluptates. Atque sint qui quos harum unde praesentium.','Eum molestias rerum similique quia est. Est natus consequatur non consequatur et placeat. Tempora provident sed recusandae facilis labore suscipit modi.','1973-03-12 11:31:25','2009-05-16 02:39:40'),(151,45,'Et doloremque quas quis delectus ea sed. Natus fugit assumenda iusto dolor. Architecto nulla quo aut ratione. Accusantium vel et optio animi assumenda necessitatibus.','Voluptatem deleniti qui ipsa. Mollitia consequatur nobis et cupiditate asperiores ut consequuntur. Voluptatibus eos suscipit qui ut incidunt iste vel.','2006-07-13 06:34:33','2009-03-03 15:59:27'),(152,15,'Aut ea quia perspiciatis iure. Expedita rem at reiciendis. Ut dolorem sit similique nesciunt quas cum.','Repellat adipisci repudiandae iure perspiciatis. Reiciendis corrupti ea et eum quia voluptatem non voluptas. Qui beatae ea ipsum quasi. Nobis facere numquam id accusamus debitis voluptate voluptatem.','2007-10-07 23:10:44','2015-05-06 02:26:34'),(153,41,'Incidunt autem odio eveniet ex qui inventore laudantium. Blanditiis quia aut eos ut est ipsa. Nam excepturi eum veritatis quo ipsa quia dolorem. Inventore quaerat voluptatem assumenda cumque qui autem qui. Voluptatem tempora commodi laboriosam eligendi do','Id voluptas voluptate libero unde non. Magni autem voluptatibus eos quia. Eius incidunt illum exercitationem et molestiae ad fuga. Sunt facilis aut hic sed assumenda.','1974-03-02 12:02:45','2005-03-16 06:13:16'),(154,59,'Cum ea omnis recusandae natus modi ut. Dolores rerum rerum consequatur dicta doloremque qui. Quia incidunt tenetur voluptate non et sit qui. Similique consectetur expedita magni voluptas quidem eos.','Quae asperiores sit atque ratione nam et. Nisi recusandae ad accusamus sapiente voluptatibus quidem non.','1976-09-03 08:00:27','1982-10-02 14:20:02'),(155,74,'Illum et sint et ducimus. Aut quisquam velit quas est ut accusamus. Quia blanditiis ex quia enim dolorum officiis sed.','Et distinctio quo assumenda sapiente molestiae. Temporibus sed impedit officiis beatae enim similique. Repellat qui illum error dolores sint non inventore repudiandae.','2006-02-20 18:29:43','2015-01-24 00:08:41'),(156,93,'Sed exercitationem perferendis vero officiis numquam temporibus perferendis sed. Saepe temporibus praesentium pariatur culpa est sapiente aut. Labore mollitia in nostrum aut tenetur. In provident neque et similique autem vel velit. Qui omnis quia consequa','Id sed enim officia maiores commodi error in quia. Quo reiciendis quam facere commodi voluptatem delectus necessitatibus. Porro debitis provident optio quia placeat dolorem. Sed incidunt dolorem tenetur cumque quas nihil non quo.','1985-09-30 12:34:32','1996-04-02 14:01:54'),(157,46,'Earum quia asperiores fugit quidem quia velit quisquam. Soluta rem autem labore quas nihil. Fugiat beatae ut molestiae porro debitis vero voluptatibus.','Provident rem facilis perferendis minus ut quod. Et temporibus illo a rerum. Vel corrupti aperiam excepturi qui omnis sed. Praesentium fugiat officia recusandae autem sed dolore consectetur.','1972-06-24 07:29:00','2016-10-15 05:30:35'),(158,49,'A consequuntur harum repellendus est quasi. Expedita velit earum laborum. Ut corrupti amet et qui nihil qui. Qui nisi explicabo repellendus exercitationem perferendis officiis.','Ut voluptas autem rem. Possimus enim perferendis iusto laborum. Eligendi assumenda aut quia ex quod labore. Odit distinctio iste nihil ducimus et.','1999-03-18 16:59:19','2010-06-06 08:19:23'),(159,8,'Quisquam ut qui est ad ipsa totam omnis quia. Repellendus voluptate harum beatae fugit perferendis. Repellat consectetur non aut saepe tenetur. Ut dolores non eveniet assumenda et cumque illo natus.','Non minus quo sequi praesentium vel optio et. Eligendi qui qui voluptatem sint qui vel pariatur. Dolor laboriosam sapiente est quis atque ab dolorem. Quos maxime esse necessitatibus quia.','2007-09-30 02:43:56','2015-11-19 05:58:34'),(160,91,'Consequatur dolores excepturi maxime. Ut et nemo ratione tenetur dolores eius dicta. Nesciunt illo blanditiis exercitationem dignissimos dolorem.','Cupiditate vel mollitia amet dolorem odio dolorem adipisci. Et sit ut modi sint facilis. Dolorem eos quas praesentium illo error facere.','1980-07-19 13:12:32','2009-05-03 13:33:12'),(161,34,'Ratione et in id at illo. Accusantium laudantium corporis et reprehenderit voluptatem. Rem eos eius aspernatur molestias.','Quam velit sunt veritatis animi modi. Qui qui assumenda vel sint velit dolor. Dolorum facilis minus repellendus occaecati enim velit. Fugit tenetur numquam voluptatem tempora quo.','2008-09-14 22:07:52','2018-03-26 08:56:19'),(162,96,'Id dolore at laudantium aut voluptatibus quia. Qui aut eum reiciendis dolores molestiae. Corrupti enim occaecati et omnis eaque. Voluptas fugit in alias. Porro perspiciatis est error ullam incidunt rerum.','Dolor quasi numquam deserunt voluptatem iure corporis. Ex dolorem sed enim aut corrupti. Sapiente neque sequi nam accusantium labore voluptas. Et voluptatibus asperiores possimus repellat sint ipsum necessitatibus.','1992-01-12 21:08:25','2003-05-18 09:05:16'),(163,77,'Iure voluptatem eos non eos suscipit porro alias. Enim non hic hic nemo mollitia velit cum. Sit qui aliquid et quod.','Recusandae maiores atque quidem. Accusamus aspernatur est vel minus suscipit reiciendis. Est rerum non nihil nihil voluptate reiciendis quae.','1979-07-26 05:15:24','1982-09-21 23:33:40'),(164,99,'Error et et aut minus et quae illum architecto. Sint facere voluptas id quam cum. Culpa qui est qui tempora architecto molestias omnis. Perferendis odio quia necessitatibus natus.','Libero qui dolorum maiores rerum perferendis. Dolorem similique voluptatem nam commodi officia sed. Aperiam sunt in cumque sed consequuntur rem.','1983-01-17 10:55:26','2019-05-27 05:41:14'),(165,64,'Nisi ea rerum ex soluta. Beatae et quo consequatur sed non recusandae. Illum illo optio iste vel sed nesciunt. Consequatur placeat temporibus ex sit.','Adipisci minima vero totam quis. Recusandae corporis eligendi praesentium aliquam id dolores. Minus quia exercitationem esse id dolorum omnis.','1972-11-28 09:00:57','1995-09-10 22:24:26'),(166,25,'Ex corporis dolore cum iure dolorem accusamus. Incidunt voluptatem voluptatem velit distinctio expedita aut sit. Voluptatibus qui hic rerum qui rerum nostrum.','Nihil modi totam blanditiis quo. Id quo porro at quis repellat enim.','1986-09-18 10:17:17','1987-08-12 00:43:09'),(167,30,'Doloribus suscipit debitis a a qui et non corrupti. Quaerat ipsam nisi qui nisi sapiente unde. Quos atque delectus eaque aut dicta.','Dignissimos odit molestiae enim dicta eos deserunt. Quia quasi ipsum ipsa vel sequi tempore. Magnam consequuntur nostrum nemo exercitationem sit ut dolores. Qui aspernatur enim ex voluptatibus et et sed.','1981-01-18 20:13:11','2017-09-15 13:33:10'),(168,76,'Voluptate culpa nesciunt id est soluta expedita vero eius. Architecto dolorem aut sed sequi repellat ea. Deleniti voluptas voluptas deserunt officiis earum architecto sequi. Sed provident sit inventore accusantium fugit delectus facere.','Sint dolores ex dicta consectetur voluptas. Earum repellat maxime quidem tempora quae ipsa. Aut ipsum est molestias dolor. Aliquam iure voluptas in aut illo corrupti reprehenderit sed.','1974-08-17 07:12:53','1975-05-09 01:37:28'),(169,90,'Sint fuga sit est laboriosam eos provident officia. Nam non totam odio iure error. Magnam ut illum perferendis blanditiis sunt.','Unde nam animi nobis. Velit et voluptas enim ex ut ullam. Aspernatur assumenda corporis rerum quo et repellendus. Aliquid ut dolorum cumque in.','1996-03-28 19:45:37','1998-05-13 18:38:41'),(170,23,'Sit officiis libero sed et saepe et eius. Ut provident nemo et omnis et. Maxime odio excepturi nobis in.','Expedita possimus perferendis aut blanditiis. Minus commodi natus nostrum totam ipsa voluptate. Ex aliquam dolor nisi aut nobis debitis quis. Voluptate voluptatem numquam ut.','1985-04-28 11:54:39','2000-05-17 02:44:41'),(171,42,'Quam facere aut officia quod est inventore cupiditate dolor. Laboriosam illum soluta est itaque. Quod explicabo quidem sit doloribus. Saepe error dolores earum.','Qui sint molestiae assumenda consequuntur omnis saepe. Ea dolores labore quibusdam eum illo sapiente.','1994-02-08 02:36:48','2017-05-31 11:53:30'),(172,41,'Eius consequatur voluptas qui quo sunt deleniti. Sit nulla est accusantium reprehenderit. Exercitationem iste molestiae aut. Facere libero harum consequatur sed dolorum aut minus.','Delectus numquam sed quas ut. Animi repellendus nihil aut. Ut in minus consequatur rerum repudiandae velit corporis et. Quidem culpa error distinctio sunt commodi.','1994-04-30 20:25:07','2002-11-12 01:02:14'),(173,81,'Praesentium delectus quaerat autem sequi iusto vero neque. Vel ut temporibus minima vel quo sint voluptatem. Consectetur sint consequuntur facilis modi reprehenderit. Accusantium ullam iusto quidem et aut et.','Aut nulla quia qui. Ut est consequatur aut non nostrum cumque iste fugit. Id excepturi architecto qui aliquam omnis et quia.','1985-05-21 19:57:29','1992-12-17 21:18:31'),(174,84,'Distinctio quis at iure qui quisquam laudantium. Pariatur doloremque fuga est nostrum. Sint aliquid distinctio praesentium blanditiis.','Quam nam error aliquam est sit non. Exercitationem ea itaque adipisci rerum. Aut est mollitia molestiae debitis consequatur. Repellat cum enim alias tempora eos labore.','1995-03-10 10:17:31','2002-11-21 19:54:14'),(175,77,'Tempora et ipsum et non dicta aperiam et. Atque repellat aspernatur natus facilis et sequi quae. Eveniet qui iusto veniam ipsam modi.','Praesentium sunt harum unde ea perferendis illum commodi. Recusandae quia esse sint praesentium. Aut enim sit ullam qui.','2015-11-23 10:59:00','2017-06-14 07:33:50'),(176,32,'Cupiditate aut ex iusto ex hic consequatur. Alias et consequuntur est voluptatem voluptas iste veniam. Id et ducimus commodi qui explicabo. Quia reiciendis delectus excepturi officiis voluptates.','Hic occaecati nisi tenetur dignissimos. Qui facere fugit dolorem. Autem eos ratione suscipit quis incidunt.','2008-04-27 18:29:26','2011-11-20 18:24:58'),(177,27,'Odio similique nihil laboriosam rem. Est quas est eligendi dolorem quod ad vitae quis. Alias ut et quasi tempore ipsam est laboriosam.','Ipsa dolores et incidunt hic voluptates voluptatum distinctio. Ex non tenetur repudiandae molestiae soluta qui voluptatem. Voluptas suscipit praesentium ex quia et odio.','1976-09-05 16:35:55','1989-09-13 01:08:36'),(178,38,'Inventore minima quibusdam et. Voluptatibus atque dolor sit pariatur at accusamus qui. Sed aliquam tenetur dolorem aliquid aut delectus. Eum suscipit deleniti voluptatem.','Nisi maxime necessitatibus nobis placeat. Minus labore voluptas dignissimos pariatur et. Rerum nihil itaque pariatur delectus ut.','1977-01-29 15:46:16','1981-07-25 11:54:17'),(179,9,'Asperiores et architecto distinctio aut eum provident voluptatum. Aut est accusamus necessitatibus. Voluptatem nobis ipsa iste recusandae. Enim soluta est incidunt suscipit quod maiores nobis. Nulla doloribus nobis eum quis.','Voluptatem quasi repellendus ut dolor aliquam et laboriosam. Qui dolorum eum accusantium non praesentium. Eius distinctio quia earum id molestias. Dolore est distinctio sunt sapiente est. Architecto consequatur magni omnis natus qui sed rerum.','1973-03-25 06:19:14','1977-04-28 04:24:45'),(180,33,'Iste quis nulla error earum. Itaque ut inventore placeat quod nihil ratione. Dolorum cupiditate et officia placeat et quo. Iure harum sunt debitis autem ullam ratione cumque.','Delectus et ut quaerat enim nihil laboriosam. Ullam aperiam provident dolore mollitia sunt omnis et. Deleniti est ad quasi sapiente. Consequuntur voluptas accusantium itaque iste quibusdam.','1992-06-15 08:45:36','2003-03-30 09:25:45'),(181,35,'Rerum aliquid illum quisquam excepturi impedit maiores. Laborum temporibus facilis sunt nesciunt magnam cumque quisquam.','Nobis dolorem amet quia ab enim. Nam ullam nobis vero atque sit. Velit nisi consequuntur eius omnis asperiores consequuntur.','2013-09-24 20:10:35','2015-03-10 19:10:21'),(182,77,'Reprehenderit error aut quis voluptas sit eligendi minus. Et beatae tenetur nisi omnis reiciendis ea laboriosam dolores. Nobis deleniti iure est perspiciatis id iste velit et.','Quaerat ut consequuntur est. Repellendus tempore sapiente ut rerum culpa. Provident est alias dignissimos mollitia officiis esse sed. Amet dolor voluptatem non asperiores maxime animi consequatur.','2005-06-02 11:39:30','2009-01-02 13:30:15'),(183,82,'Cumque maiores maxime corporis et est ut sit voluptatem. Fugit provident eius dolor soluta expedita. Aliquam dolorem est porro ad dolorem. Quibusdam rerum voluptate quidem.','Molestiae veniam est adipisci repudiandae ab. Voluptas laboriosam repudiandae laboriosam nulla quas nobis at. Et fugiat provident laudantium doloribus corrupti.','1974-03-04 20:04:26','1994-05-01 06:34:36'),(184,78,'Veniam velit dolore eum earum est quas. Molestias est laudantium assumenda ea.','Accusamus est laudantium quia. Deleniti autem placeat esse quidem. Necessitatibus eum iure autem fugit similique. Nemo quod laborum ea itaque.','1985-02-16 12:25:06','2020-06-18 18:23:06'),(185,47,'Molestiae ea dolorum quia et ratione consectetur voluptate. Atque corporis voluptatum esse ex eum suscipit vero dolorum. Pariatur consequuntur atque autem commodi consectetur molestias alias. Doloremque reprehenderit perspiciatis modi qui corrupti pariatu','Dolor qui qui consectetur quasi. Officia praesentium non autem et. Sapiente voluptatem ut dolorem et.','1986-11-05 02:49:31','2008-04-09 06:48:06'),(186,96,'Dolorem est consectetur eaque quia neque. Totam sapiente earum dolore voluptates provident dolorum quasi. Expedita est et voluptatem dolor nam. Reprehenderit et quo cum eum harum.','Rerum tempora voluptatem deleniti assumenda enim. Omnis hic architecto hic illo omnis enim. Unde sed et alias sit error consequatur. Neque quo odio esse illum.','2009-10-02 01:00:01','2021-02-16 14:56:48'),(187,44,'Vel eius voluptatem fugit quia facere. Nihil accusamus temporibus voluptatem consequatur ut repellat voluptas. Vel et fugiat assumenda assumenda consequatur. Quas quia eum aut commodi.','Labore laborum molestiae et quidem minus eos. Rerum reprehenderit assumenda odio quia. Non voluptatibus ipsum culpa accusamus. Recusandae pariatur eos dolores repudiandae. In explicabo maxime consequuntur.','1974-01-13 12:46:16','2010-09-14 20:41:48'),(188,31,'Voluptatum pariatur itaque amet ex distinctio provident. Delectus et qui nesciunt velit dolorem. Qui aut numquam velit eum excepturi nam. Unde sed at in et nulla et.','Est et dignissimos omnis reiciendis rerum ipsam. Ipsa consequatur quos et aut error consequuntur. Id minus itaque quis voluptatem officiis ipsa. Et deserunt officia ipsam ipsa sapiente error ea. Vitae optio vel est sint.','1970-09-16 02:57:21','1984-08-12 17:15:54'),(189,21,'Consequatur reprehenderit maxime qui et. Assumenda dignissimos quibusdam aut magnam. Et error non ipsa error consequatur voluptates a aliquam. Id magnam est aspernatur velit non.','Voluptas qui in accusantium aut maiores aspernatur consequatur. Exercitationem pariatur aut rerum. Eum neque qui qui. Excepturi ex incidunt quis vel eos totam.','1996-09-11 14:26:09','2018-06-11 03:19:19'),(190,11,'Vitae aut aliquid sit aperiam enim ut natus maiores. Ut illum voluptatem quae illo debitis ad assumenda. Quia non sint molestias aliquam mollitia et corrupti. Voluptas est itaque maiores in fugit rem consequuntur est.','Suscipit repudiandae molestias soluta rerum ex nobis. Aut id quia doloribus natus eius. Pariatur facilis provident aperiam asperiores laudantium.','1978-04-06 18:24:13','1992-02-28 21:09:39'),(191,90,'Sunt nulla reprehenderit assumenda magni. Quam minima itaque eligendi quia magnam voluptatem. Aut ratione ad unde adipisci. Corrupti vero consequuntur cum.','Harum commodi officiis aut doloribus reiciendis labore. Saepe beatae qui qui magnam ex maxime atque. Voluptates sint sed reprehenderit quis dolor eveniet reiciendis sint. Dignissimos debitis quae consequatur est rerum.','1990-12-11 13:42:07','1994-04-27 09:31:20'),(192,21,'Ducimus rerum cumque dolorum fugiat doloremque officiis. Quis cum illo quos voluptatibus quae. Rem facilis veritatis maiores sit quia quaerat dolores. Sint mollitia aspernatur eveniet error officia quis eos.','Sed voluptatum ut ab nihil rem natus nihil. Magni consequuntur qui facere cum. Qui facilis cum recusandae distinctio beatae libero. Sit sint magnam sunt totam labore at.','1971-06-08 06:57:08','2012-01-31 14:01:06'),(193,33,'Earum aspernatur et facilis deserunt. Amet qui aperiam animi suscipit ex.','Aut molestiae qui magni labore. Natus sint et labore et. Impedit voluptatem id numquam blanditiis neque maxime.','2007-09-21 21:56:51','2017-03-29 08:47:53'),(194,2,'Ut debitis voluptas sapiente. Repellendus consequatur nihil facere nostrum qui tempore. Esse dignissimos esse nulla quia iure sit.','Iste deleniti ut explicabo rem maiores reiciendis eveniet non. Dolorum doloribus at vero. In nostrum et illum dolor est unde.','1991-06-22 04:03:52','2002-09-07 09:22:14'),(195,8,'In veniam aspernatur maiores atque dolores nesciunt. Harum in quis aut fugiat.','Esse cupiditate quas facere. Sunt quidem fugiat eaque magni.','2006-06-09 20:49:56','2017-08-07 18:08:51'),(196,33,'Vero eius est voluptate aperiam molestias facere quia dolor. Esse tempora occaecati quia quia sunt qui. Minus quos quibusdam aspernatur natus officiis neque in.','Omnis illum est exercitationem eveniet sit. Voluptatem molestiae accusantium aliquam praesentium dolorum mollitia. Eum assumenda ut eum voluptas consequatur fugit. Est excepturi ipsa nihil aut est.','1982-01-31 22:30:39','2005-07-23 04:48:30'),(197,45,'Magni enim numquam dolores repellat a blanditiis. Nihil totam natus quibusdam nam. Voluptatem quas quibusdam exercitationem facere et. Aliquam rerum est est atque ipsa error.','Omnis vero nesciunt voluptas omnis eum labore et. Nesciunt voluptatem enim impedit sit. Consectetur porro ut placeat quia natus molestiae. Sunt officiis cumque aspernatur accusantium dolor. Aliquam rerum sequi sit.','1979-10-04 16:34:59','2009-09-08 10:24:22'),(198,23,'Dicta praesentium illo occaecati natus. Nisi et debitis odit id aut maiores veritatis voluptatem. Soluta quidem sed corporis aut. Hic mollitia excepturi velit ut laborum qui blanditiis. Id odio culpa ut et.','Voluptatem cum labore consequatur culpa reprehenderit eos omnis. Omnis voluptatum omnis deserunt assumenda perferendis ut.','2006-09-06 13:59:00','2015-04-20 17:13:14'),(199,80,'Laudantium expedita ipsum minima ipsum nihil ipsum unde. Impedit amet blanditiis quis. Nesciunt ipsum nihil reiciendis necessitatibus nesciunt. Voluptate sit non voluptates odio animi.','Quia voluptatum hic impedit ut labore. Saepe nemo ea at quia molestiae neque molestias. Mollitia provident amet voluptate excepturi vel neque voluptatum voluptas.','1978-01-28 21:48:28','1988-12-25 07:52:34'),(200,34,'Consequatur deserunt necessitatibus accusamus assumenda nisi rem odio. Non aut iusto eaque molestiae pariatur soluta.','Fuga eligendi asperiores autem corrupti enim quia error. Fuga accusantium explicabo nisi mollitia in provident. Omnis eos neque sunt perspiciatis neque.','1990-03-02 17:37:00','2012-05-05 14:49:48'),(201,10,'Asperiores natus inventore qui et. Dicta rerum quae provident praesentium iure hic in. Est est consequatur in nesciunt facilis sit et. Qui facilis quia inventore. Maiores nostrum voluptates sunt consectetur sit hic.','Labore atque voluptates qui nesciunt minima. Quia dolore et est ducimus est vel est.','2021-04-04 12:52:17','2021-04-04 12:52:17'),(202,16,'Ut eos eius molestiae nisi. Blanditiis facilis beatae assumenda dolore consequatur asperiores architecto. Mollitia quam minus blanditiis ea corrupti ducimus.','Consectetur rem provident quo. Necessitatibus sequi impedit dolores sint quo incidunt. Sint impedit eos qui nulla. Et tempora et minus quasi.','2021-04-04 12:52:17','2021-04-04 12:52:17'),(203,18,'Cum ea omnis recusandae natus modi ut. Dolores rerum rerum consequatur dicta doloremque qui. Quia incidunt tenetur voluptate non et sit qui. Similique consectetur expedita magni voluptas quidem eos.','Quae asperiores sit atque ratione nam et. Nisi recusandae ad accusamus sapiente voluptatibus quidem non.','2021-04-04 12:52:17','2021-04-04 12:52:17'),(204,22,'Nam consequuntur ea aliquid voluptatibus eveniet et voluptates. Assumenda adipisci labore perspiciatis placeat. Odit exercitationem consequuntur earum.','Autem quis odit ullam vero error vel quae. Placeat itaque quia laboriosam et. Rerum unde quia veritatis facilis qui. Minus saepe debitis nam recusandae ut exercitationem cupiditate.','2021-04-04 12:52:17','2021-04-04 12:52:17'),(205,29,'Expedita excepturi fuga praesentium quidem qui. Sunt eligendi quia rerum ut. Quasi voluptatem ut velit dolorem et ipsa et. Ratione est est perferendis esse reprehenderit. Ut est optio odit deserunt non ab vel.','Illo velit repellendus voluptatem explicabo. Ut possimus nam velit at. Possimus quam culpa et consequatur vero.','2021-04-04 12:52:17','2021-04-04 12:52:17'),(206,40,'Voluptate dignissimos natus veritatis et quod eius doloribus officiis. Qui quos quasi accusantium eius necessitatibus expedita ut. Blanditiis sed quisquam dolor dolores odio. Nulla et optio sint accusamus similique officiis quas.','Aut voluptatem aliquam eos ut aut illo ut. Aut perspiciatis et natus qui molestias alias et omnis. Vel minus temporibus rem ab.','2021-04-04 12:52:17','2021-04-04 12:52:17'),(207,43,'Sit officiis libero sed et saepe et eius. Ut provident nemo et omnis et. Maxime odio excepturi nobis in.','Expedita possimus perferendis aut blanditiis. Minus commodi natus nostrum totam ipsa voluptate. Ex aliquam dolor nisi aut nobis debitis quis. Voluptate voluptatem numquam ut.','2021-04-04 12:52:17','2021-04-04 12:52:17'),(208,51,'Ad corrupti consequatur quibusdam omnis magnam eius reprehenderit. Rerum molestiae velit id. At officiis asperiores et illo tempore ut deleniti.','Consectetur minima dolor vero non. Sit sed vero dolorem consectetur necessitatibus. Provident aut harum nulla omnis. Et quis qui itaque aut aliquam quidem ipsam.','2021-04-04 12:52:17','2021-04-04 12:52:17'),(209,57,'Reprehenderit error aut quis voluptas sit eligendi minus. Et beatae tenetur nisi omnis reiciendis ea laboriosam dolores. Nobis deleniti iure est perspiciatis id iste velit et.','Quaerat ut consequuntur est. Repellendus tempore sapiente ut rerum culpa. Provident est alias dignissimos mollitia officiis esse sed. Amet dolor voluptatem non asperiores maxime animi consequatur.','2021-04-04 12:52:17','2021-04-04 12:52:17'),(210,58,'Cumque maiores maxime corporis et est ut sit voluptatem. Fugit provident eius dolor soluta expedita. Aliquam dolorem est porro ad dolorem. Quibusdam rerum voluptate quidem.','Molestiae veniam est adipisci repudiandae ab. Voluptas laboriosam repudiandae laboriosam nulla quas nobis at. Et fugiat provident laudantium doloribus corrupti.','2021-04-04 12:52:17','2021-04-04 12:52:17'),(211,70,'Consequatur dolores excepturi maxime. Ut et nemo ratione tenetur dolores eius dicta. Nesciunt illo blanditiis exercitationem dignissimos dolorem.','Cupiditate vel mollitia amet dolorem odio dolorem adipisci. Et sit ut modi sint facilis. Dolorem eos quas praesentium illo error facere.','2021-04-04 12:52:17','2021-04-04 12:52:17'),(212,73,'Distinctio quis at iure qui quisquam laudantium. Pariatur doloremque fuga est nostrum. Sint aliquid distinctio praesentium blanditiis.','Quam nam error aliquam est sit non. Exercitationem ea itaque adipisci rerum. Aut est mollitia molestiae debitis consequatur. Repellat cum enim alias tempora eos labore.','2021-04-04 12:52:17','2021-04-04 12:52:17');
/*!40000 ALTER TABLE `specifications` ENABLE KEYS */;
UNLOCK TABLES;

--
-- Table structure for table `users`
--

DROP TABLE IF EXISTS `users`;
/*!40101 SET @saved_cs_client     = @@character_set_client */;
/*!50503 SET character_set_client = utf8mb4 */;
CREATE TABLE `users` (
  `id` int unsigned NOT NULL AUTO_INCREMENT COMMENT 'Идентификатор пользователя',
  `password` varchar(100) CHARACTER SET utf8mb4 COLLATE utf8mb4_unicode_ci NOT NULL COMMENT 'Пароль',
  `full_name` varchar(100) CHARACTER SET utf8mb4 COLLATE utf8mb4_unicode_ci NOT NULL COMMENT 'ФИО',
  `email` varchar(100) CHARACTER SET utf8mb4 COLLATE utf8mb4_unicode_ci NOT NULL COMMENT 'Почта',
  `phone` varchar(100) CHARACTER SET utf8mb4 COLLATE utf8mb4_unicode_ci DEFAULT NULL COMMENT 'Телефон',
  `subscription` tinyint DEFAULT '0' COMMENT 'Подписка',
  `created_at` datetime DEFAULT CURRENT_TIMESTAMP COMMENT 'Время создания пользователя',
  `updated_at` datetime DEFAULT CURRENT_TIMESTAMP ON UPDATE CURRENT_TIMESTAMP COMMENT 'Время обновления пользователя',
  PRIMARY KEY (`id`),
  UNIQUE KEY `email` (`email`)
) ENGINE=InnoDB AUTO_INCREMENT=101 DEFAULT CHARSET=utf8mb4 COLLATE=utf8mb4_unicode_ci COMMENT='Пользователи';
/*!40101 SET character_set_client = @saved_cs_client */;

--
-- Dumping data for table `users`
--

LOCK TABLES `users` WRITE;
/*!40000 ALTER TABLE `users` DISABLE KEYS */;
INSERT INTO `users` VALUES (1,'c48f53cfce7d9ddf47183e8f15921c5f7f9ad078','Diamond Larkin','thalia76@example.net','+54(5)7968331755',0,'1988-02-08 07:03:21','1990-05-11 17:16:02'),(2,'4db5c77c877e7b8034ef5d86015351bbca83299f','Claude Conn II','willms.cecilia@example.org','871.167.5819x1792',0,'1995-10-16 11:04:56','1999-07-10 04:40:22'),(3,'4ae631359a91d397615a563957188c6a6ea1b1d1','Catalina Zemlak','green.zula@example.org','(976)191-9305x649',0,'1975-10-23 12:02:43','2012-04-30 22:36:29'),(4,'678377f8dd3b3bb06ed7b70d645ae3a481e47794','Dr. Hillard Pouros','xgleason@example.com','(768)772-1161x853',1,'1999-05-29 12:04:27','2008-05-29 09:02:47'),(5,'af2484b900b914fe0dafc0d5ab0892637a9089d0','Jane Koepp','sierra71@example.net','008-804-1230x427',1,'1983-07-01 07:02:32','1992-07-09 13:10:31'),(6,'9a1fde698eedf49d149008ef6ac228c692a21408','Ms. Maiya Brown DVM','khowe@example.com','614-806-1302x5837',0,'1980-08-27 15:30:30','1984-10-13 15:17:16'),(7,'6d68bf21ac01e4aa3c6be059c33e93a407443f79','Mr. Doyle Gaylord DVM','elise94@example.net','+25(6)0690241645',1,'1984-01-15 09:12:59','2017-02-16 01:04:46'),(8,'d5979b0b1f569dd35e18a5e95ceb154d9f5b76b8','Geovany Schoen','kschneider@example.org','(919)500-9884x13151',1,'1991-01-20 20:00:26','2018-01-22 20:58:57'),(9,'24864f619cd81650add226bbd9e7793f5acd8d5e','Prof. Eulalia Fahey','brown.gonzalo@example.net','157-711-3171x430',1,'1983-07-19 08:02:01','2010-02-12 04:47:18'),(10,'43c013b72398f2bc962483f1e86532d441c43e8c','Prof. Abigayle Leffler Sr.','darius15@example.org','828.302.0111',0,'1991-09-11 17:03:26','2015-05-11 22:11:01'),(11,'db4adc3ececc8da4236ef589aa4ace45da73a55a','Kenneth Wyman','ocarter@example.com','04515560107',0,'1999-06-30 02:50:50','2020-01-30 09:19:25'),(12,'8561c9abb937aa7abe7ad2ff7a89baa68522d0a7','Nelson Sporer','hermann.fred@example.net','(644)827-3998x07476',0,'2003-04-23 22:20:24','2011-04-18 19:46:57'),(13,'601eec5a2f17a98e34b91c7ad1f7aa9ed8bdb343','Delfina Hyatt','russ.medhurst@example.net','685.866.3758',0,'1972-06-10 13:38:48','1989-04-20 23:32:19'),(14,'6b78c0f96ef4b29e79c5e1adddea3c1893035f69','Mrs. Anahi Labadie','levi94@example.net','145.970.5142x815',0,'2012-03-20 00:57:51','2019-02-16 06:36:29'),(15,'0d4a3a24f1300a0d9fc4b7919ceb420603b4d96b','Mr. Brad Erdman I','roy.rath@example.org','00639734525',0,'2014-02-08 13:17:09','2016-12-02 13:03:17'),(16,'e4cf635097a16acaaff40227565108709e2d9651','Karina Langosh PhD','ruben.lemke@example.org','510-280-1069x5998',1,'1970-10-03 19:42:06','1976-05-05 14:15:00'),(17,'1a27e6410015f60541e53de8c409e2f0cae833e7','Pablo Mitchell','cathryn.reynolds@example.net','(981)030-0779',1,'1983-10-05 11:20:40','1988-06-09 09:36:37'),(18,'bfa7128d7d6a0d1b62f4e432dc7d804cba5a6780','Zula Kreiger','mspencer@example.com','1-334-250-8433',0,'1971-07-10 14:51:33','1995-12-06 10:01:16'),(19,'36407ff0885e0033ec58fee7a51721fe1b54d634','Annabell Nicolas','savannah.cummerata@example.com','1-534-409-2680x40887',0,'1979-01-07 04:01:30','2016-12-04 00:50:57'),(20,'73caa4d52eb1b3aa4f22ab1b4922dc12c40fcadf','Loyal Luettgen','schneider.thea@example.com','424-486-7221',0,'1995-11-18 08:36:53','2019-04-15 22:27:57'),(21,'4e675b7f0edfe0cdd6e0ece626f25e075e057cf8','Rodolfo Hayes','ortiz.pauline@example.org','(730)720-6802',1,'1994-06-03 20:30:58','2011-07-17 22:04:49'),(22,'6fccff0c859092116b4a8b79cc3177814e0484d9','Braeden Ritchie','davonte89@example.net','+88(3)0106625841',0,'1975-10-09 16:41:20','2006-04-16 06:27:43'),(23,'f7a35373f3aab5a5fd1a628c10faf57abcadc0bf','Ola Cormier','brenna.monahan@example.net','247-607-9717x78924',0,'1979-09-15 20:45:26','2015-05-10 18:11:06'),(24,'2f5203aebda6d7ef5dd025e0747e17da471d7e15','Prof. Jammie Zemlak','elenor.bruen@example.net','1-162-227-1390x17788',1,'2004-05-09 22:35:46','2014-08-14 09:50:59'),(25,'7543c199b9e0e03b309bd90dafdeee37b28e73d5','Oma Leuschke','dominique.christiansen@example.org','1-215-645-0777',0,'1976-07-02 03:06:02','1999-01-04 11:59:16'),(26,'b61dcdad000a9c883072d829813df89e3e3dd272','Mr. Keagan Goldner','lbailey@example.com','+86(3)3874251889',0,'1981-05-15 20:46:53','1989-06-21 13:15:47'),(27,'df6df03ca9c41eeb2a80b949a2c4188cf03276ee','Mrs. Whitney Satterfield','zkautzer@example.net','175.470.4938',1,'1971-10-08 22:03:56','2008-10-12 20:20:38'),(28,'f3e4d8fb07992a35fec748663de3a7c02a01179a','Derek Hilpert','malika.tromp@example.com','09321274266',0,'1973-06-18 12:10:45','1990-02-23 19:25:11'),(29,'9599e3d85cb9566ed077f4e33375d31b05df2bec','Vincenza Wolff','radams@example.com','(466)364-8986x05134',0,'1975-01-11 08:01:37','1986-05-03 13:52:23'),(30,'0384afe31d653bcddf9b2ce1216a1883cac9ec2c','Halie Bergstrom Sr.','gcruickshank@example.net','1-680-429-9965x7216',1,'1999-02-22 05:47:30','2015-02-22 03:30:17'),(31,'234387aa0abde36c045c90f70c9f0d6ff081dd93','Taurean Hilpert','cathrine.grady@example.org','06470499271',0,'1981-02-19 11:31:36','1992-02-17 05:01:28'),(32,'785590777cc04016a298631c7cac9c6d25b10736','Dr. Olen Mann IV','gcremin@example.org','1-689-064-4610x434',0,'1989-02-18 01:25:40','2018-05-25 23:20:17'),(33,'942a1fc13bc849fdcaa7884bba07bcabc416a2f7','Myrtice Morar','lynch.kiley@example.net','816.067.3164x078',1,'1972-03-26 18:36:45','1973-05-10 15:37:48'),(34,'7ba962ca273f35471d886ace91d4006f9b1df0ff','Miss Alvina Fadel','pamela64@example.net','1-485-574-1863x703',1,'2012-08-09 23:34:14','2013-09-10 05:31:47'),(35,'f2b855b4e48c7786829a2c297a5eae22beab3e46','Dr. Junius Boyer II','diana67@example.com','348.911.8179x713',1,'1977-08-19 02:50:51','1987-08-17 14:13:44'),(36,'6e81f94bbb9767da349c0573e82a456cd160ee6c','Cale Hudson IV','icartwright@example.net','(922)438-6204',0,'1970-12-11 20:03:35','1982-07-02 14:00:24'),(37,'fae82efd094f7da286971b52c3efb92e1c672528','Johnnie Schmitt','ernest67@example.com','(837)232-8497x1505',1,'1992-08-13 08:44:13','2019-12-15 19:35:34'),(38,'96f5592eb9595ec94df39cdc137a2d144c3c3cd7','Jailyn Hackett','equitzon@example.org','(627)406-0617x0260',0,'1996-10-21 07:36:07','2003-08-07 06:21:52'),(39,'1099479664c584b91bbc4c3f716c5c3c148b61fe','Aidan Barton Jr.','treva.ziemann@example.net','1-959-599-7779x00238',1,'1982-01-16 18:30:09','1982-06-10 18:56:59'),(40,'fb457fd677b5df24f5b56263284d36e48fa67779','Mr. Freddie Powlowski Jr.','hermina.hintz@example.com','1-257-304-1260x05008',1,'1974-03-24 19:20:33','1995-08-15 17:05:27'),(41,'923c78a8a8c9ac1f14c933d973101bb2e43e618c','Titus Bauch','mkilback@example.org','977.717.3908x570',1,'2015-03-23 18:06:50','2021-02-01 07:53:01'),(42,'7b6c928bc669e3bcf050c4cd69dd2620c02a6e9d','Candida Green I','jheidenreich@example.com','549.132.7068x8501',0,'1979-04-18 03:51:18','2010-06-04 12:18:21'),(43,'006ab7ebe323180bbe588e8d3b2ad58a3e3b2a34','Conner Metz','hwisozk@example.com','1-723-922-5186',1,'1986-01-25 19:28:47','1996-02-13 02:03:42'),(44,'b381364bbb646b561f8373fee02558a2e36d563d','Jazlyn Kemmer','regan60@example.org','(401)464-9576',0,'1970-06-08 10:27:05','1985-09-05 05:15:20'),(45,'a2804240b2cdcd5e4b0ba4de60a748649028218d','Prof. Hershel Luettgen III','fahey.esther@example.org','(060)140-7872',0,'1980-08-26 03:43:20','2019-06-18 15:03:04'),(46,'a89c9db7403b4aa6393c8e0e361b47d6ed393550','Alba Bernhard','veum.hollie@example.net','219-574-3763x37221',0,'1987-10-15 01:35:42','1988-08-05 03:19:41'),(47,'4f2f15c23647818f1ebb73479bdd681604a7fa2a','Prof. Doyle Collins Jr.','kavon.bernhard@example.org','971.799.6360',0,'1997-08-31 03:45:09','1998-11-22 19:31:47'),(48,'013ef46ca7f7b810b5c00a52f548c8c5c16848bd','Peyton Simonis','greyson37@example.net','432.882.0992',0,'1970-06-05 08:18:35','1979-08-06 17:54:33'),(49,'3dac8b66d518f2cbcc07a5564fb53b82ba88baba','Ms. Sallie Powlowski','donnelly.tiffany@example.net','127-672-3407x24912',0,'1995-11-24 00:01:39','2001-03-13 05:59:49'),(50,'49c8b2cdb647fd4bb7a9fb84c8a252dc22af6177','Cecil Beier','abbott.addie@example.net','+49(4)7335513158',1,'1972-09-05 03:22:58','1972-12-09 05:36:38'),(51,'62dc5dd29c1ca68c99b48a7a5dfad5d2eaccf96e','Kraig Von','rosella73@example.com','(570)167-1281x1467',0,'1987-02-15 09:10:41','1997-12-08 00:13:05'),(52,'92d1077ffbc68742cd61448d9b74d5cb9848a65b','Prof. Adrianna Labadie MD','elena.halvorson@example.com','878.733.5199x913',1,'1975-08-24 23:24:52','2000-10-25 01:31:18'),(53,'a9d07ce7b7fc7cb9f0863382f353ffd77ca84fac','Betty Stracke','fritsch.wanda@example.com','(163)896-0753x28981',1,'1987-05-14 17:55:48','2011-12-10 05:32:02'),(54,'27ddd0d998ab3d0790e46d6fc755fa8b0dd1cd0c','Mrs. Rosella Bayer DDS','kovacek.xzavier@example.com','670.177.8075x457',1,'2011-12-24 03:38:38','2013-12-20 00:23:50'),(55,'7817e4a1fa4daec0cf9fa216642ae232310f1258','Destini Olson','josefina48@example.org','06364346929',0,'1998-04-03 10:30:47','2020-05-18 22:00:45'),(56,'cffc7de4ecd59e4755a0a10896a1d4edecc68679','Mrs. Willa Rohan','madilyn.damore@example.net','(275)053-6910',0,'1985-07-04 15:53:16','2016-06-25 14:48:23'),(57,'8eb56cc3ab3a40935f3fcc99947c954b5cd87b55','Victor Wehner','rau.ike@example.org','656.242.6083x26705',1,'1984-07-21 13:45:53','2017-10-20 08:08:19'),(58,'020846f318c7157e271a3c4881afd29b9cfb8855','Mr. Dewayne Brown II','wiegand.joan@example.com','09609482142',0,'1972-10-14 23:53:51','2010-02-15 21:28:24'),(59,'3087d8705515db048d99fd85d013b4e1c2ba3b17','Kattie Hartmann','jsanford@example.net','541-014-6249x193',0,'1986-08-08 11:26:46','2017-12-28 23:05:19'),(60,'ff8a4d92ad858ef7c1e6f4d29ad90f7e6d0eb0d7','Gianni Rempel DDS','tamia.brekke@example.com','178.543.4823',0,'1999-10-24 01:11:57','2009-04-19 08:14:49'),(61,'a97bfb10ddd9233c62d0f01d4ca5e2ea36f2dcff','Mrs. Amara Emmerich V','angela.champlin@example.org','160.895.6796x522',1,'1981-01-27 06:14:30','1995-02-04 16:57:58'),(62,'55d3275531767b77c341bba07d35d68672783423','Esta Becker','mariano55@example.net','1-353-156-5290',1,'1993-11-24 03:06:12','1997-11-04 01:52:35'),(63,'72847db7ffa01b0d0dc0588f631d4386befd0fff','Coleman Harris II','marquardt.amparo@example.org','1-242-345-5259x8284',1,'1997-02-14 17:52:13','2020-09-22 11:23:01'),(64,'6a55cfc219ad8e4e6fa02dcad17209ac3062a83e','Georgette Buckridge','herman.kerluke@example.com','(318)280-6159',1,'1980-07-10 14:31:23','2014-01-18 23:07:45'),(65,'6cab94ef14107235256f492f1a8057ce4d930c25','Paolo Batz','dwisoky@example.net','1-689-811-2610x5175',1,'1975-02-10 07:25:09','2005-02-18 03:10:55'),(66,'00ba97c6d905e1f7887bf5a70b8ca6436397b23a','Dr. Wilma Klocko','mtreutel@example.org','08460555365',1,'1977-11-27 20:08:51','1979-05-19 21:02:51'),(67,'847fae169c4ac992ce1baf3474a79482d787bfba','Sonia Pacocha','jschulist@example.org','(949)171-1532',1,'1977-01-08 20:58:38','2007-03-11 12:17:44'),(68,'7616e0b235c9e0565c142f4358b4e55dfdb155c1','Colleen Hartmann MD','fritsch.keyshawn@example.com','1-425-334-8250x3699',1,'2011-07-18 23:10:34','2017-01-25 12:57:15'),(69,'4f2a8619ec2fa4a66499aaaa91847d317fded406','Dr. Rowan Morar IV','cortez.murphy@example.com','748.740.1251',1,'1977-10-11 18:34:51','2015-08-18 08:56:47'),(70,'e6be8b71d6d5cb91a1498d69acf66d64f4bab4eb','Thora Schoen','jprice@example.org','686-561-4801x851',0,'2009-09-23 19:32:02','2013-04-25 04:46:10'),(71,'3a2f50adfc5d3859043ce17dcd58349c92d47a37','Lucienne Smitham','zconsidine@example.net','(034)048-9478x77315',0,'1970-05-08 19:25:10','2006-07-15 05:37:54'),(72,'f2954a1392987295a226cc2342bb0181dc165aa8','Elnora Kautzer','pollich.margaretta@example.net','1-281-135-9701',0,'1982-12-09 13:35:37','2011-06-12 17:39:38'),(73,'4c0dcdc78db45173ffd9beac13e7ec0b2cab41ff','Dr. Lavada Schoen','reichert.wilfred@example.com','1-520-411-8312',1,'1990-09-20 11:20:48','2006-05-24 09:49:16'),(74,'795754efcb26240c6d1be952c0353f54d609dd2c','Dr. Isadore Kozey DDS','fiona35@example.com','1-581-235-3208x729',0,'1978-06-18 04:44:54','2003-08-21 01:31:38'),(75,'d967968a24c32b258cd816f234b99b379a6572fa','Hazle Jerde','jhintz@example.org','960-847-3577x557',1,'1986-02-19 23:02:25','1987-08-23 12:01:01'),(76,'33269adc07d813c8009341debb6fe691bd949941','Prof. Alex Becker','jerad.rowe@example.net','197.386.0414x7985',0,'2001-01-29 15:27:17','2008-11-27 19:08:38'),(77,'80209f24131fbbd7b566c4f5a1107afdcf0781f2','Jacynthe Lemke','sydnie.fay@example.net','04184132023',0,'2003-01-30 06:26:20','2020-11-06 06:21:38'),(78,'dee128118374889610f3c3109e2063292ede7697','Finn Kovacek','dmarquardt@example.com','664-724-2669',1,'1976-07-07 07:31:35','2006-03-29 10:56:04'),(79,'73486f73505ea4f05724f82487aecd7ae55d84ae','Berenice Muller','candido.marks@example.net','(767)406-8729x6613',0,'1978-08-11 05:24:25','2013-07-12 21:31:37'),(80,'3cb8d8825fd06b7b869161045d04385f3a77cdcb','Jabari Pacocha','waters.zackery@example.org','288-201-7236x0536',1,'1971-04-01 05:30:42','2017-05-17 22:41:08'),(81,'bf06abccd982102b0ac2c2ea40b4e291ac09f0b7','Reta Skiles','prohaska.stephanie@example.com','1-227-549-4862',0,'1986-04-26 02:53:16','2005-08-11 04:52:53'),(82,'f45c0ac0150279193d70ad71c592324cda8708e3','Alaina Pfannerstill','horacio.daugherty@example.org','715-741-0103x222',0,'1992-03-16 23:48:55','2012-06-08 03:56:11'),(83,'90bf8915b47c5828274a9998be2f0159d85e9a67','Rhiannon Jenkins','isidro99@example.com','658.839.1641x102',1,'1998-08-21 00:42:58','2008-07-13 13:35:01'),(84,'f0998bd51eef08677ec6856430558cdbac63345b','Emie Toy','leanna.blanda@example.net','1-402-116-2742x81832',1,'1987-06-05 16:08:26','2008-03-20 04:56:26'),(85,'1245513cef66fa5df0aac5b8e10e6d4000ef7404','Daphne Gutmann DDS','hamill.trever@example.net','(868)925-6744x76484',1,'1979-09-09 05:53:52','2016-05-24 11:22:06'),(86,'8757d956acbe4c22368cc9bf6b0435da509abee3','Mabel Olson','angelica44@example.org','778.960.4201x451',0,'1990-08-09 10:35:58','2009-08-07 20:05:53'),(87,'3666704be82c6211cb4f6ed52f032ff59a4240dd','Dr. Fermin Volkman','ed.nader@example.com','1-972-813-3037x450',1,'1991-09-20 18:43:41','2007-10-26 02:35:49'),(88,'fa225a1577ac8902f9168f3d77226a47fcd6c4ab','Mollie Rau','casandra64@example.com','147-680-5960',1,'1978-12-10 11:06:21','2010-06-23 16:50:51'),(89,'9424e962d1bc4709729a9c42bc1c962fa1d1f05c','Miss Henriette Glover Sr.','erdman.dawson@example.com','(464)600-5431x19396',0,'1976-04-17 12:50:54','1984-11-08 09:45:25'),(90,'c292a362253e452660e1f6aebd8a5a30fc882d65','Ms. Darlene Fritsch DVM','knader@example.org','(991)880-5286x75309',0,'1974-12-09 02:36:18','1986-04-16 10:38:20'),(91,'bab0485ed9755f5e0de3a96028204bb7d1384dfa','Monserrate Dare II','ansel.gutmann@example.net','+76(0)8062888546',1,'1980-08-30 02:52:29','1987-02-14 00:47:07'),(92,'8c864b92b701f768abc47794c4e99b476665ede7','Malcolm Aufderhar','kirsten.keebler@example.org','291.244.0895',1,'1974-09-06 23:38:39','2013-04-15 19:26:57'),(93,'221bf23424669bf88566c83e0d28e3ab1a7c4ae8','Mr. Theron Bradtke','schimmel.claudine@example.org','253-235-1624x48540',0,'2007-06-17 17:51:51','2011-11-18 18:00:49'),(94,'9d4ed34ae1d38841defcb71919ded71b51bbf88e','Aniya Nolan','harber.rafaela@example.com','02666350129',1,'2003-11-15 16:32:30','2009-10-25 06:29:22'),(95,'e335c7b9f441c6de36178f717d7d83d118d578dc','Saige Powlowski','hegmann.bridget@example.org','+31(8)2853475386',0,'2017-01-03 10:52:42','2019-12-06 05:53:22'),(96,'44fbbe73224e3de7cdb0bb2511cbcfab65bccb8b','Dr. Deshaun Keeling III','erussel@example.org','423-662-8903x74044',1,'1999-05-16 15:56:16','2007-01-18 14:16:49'),(97,'7d72aada6faac309df03215179d9c901a5a5941a','Mr. Ignacio Kuhlman','adele02@example.com','722.443.6152x67718',1,'1977-04-10 16:59:49','2011-05-02 15:39:40'),(98,'0c797c4952a52baed0dd8ce759e6715b934e9a9b','Toney Fahey','kiera74@example.com','(364)689-2837x480',1,'1978-01-20 14:41:07','1978-09-11 02:57:26'),(99,'e54478779efcc166d29906cb0633c82f9577c31c','Aliyah Wisozk','ocie21@example.org','+65(5)2769559733',0,'1974-07-03 06:48:38','1996-10-07 10:16:22'),(100,'7ea49e6cdac07456e35025bfe34f02fb18bf7ef3','America Konopelski','tamia77@example.org','09072760123',0,'1985-06-18 22:41:08','1993-05-24 09:52:07');
/*!40000 ALTER TABLE `users` ENABLE KEYS */;
UNLOCK TABLES;

--
-- Final view structure for view `most_valuable`
--

/*!50001 DROP VIEW IF EXISTS `most_valuable`*/;
/*!50001 SET @saved_cs_client          = @@character_set_client */;
/*!50001 SET @saved_cs_results         = @@character_set_results */;
/*!50001 SET @saved_col_connection     = @@collation_connection */;
/*!50001 SET character_set_client      = utf8mb4 */;
/*!50001 SET character_set_results     = utf8mb4 */;
/*!50001 SET collation_connection      = utf8mb4_0900_ai_ci */;
/*!50001 CREATE ALGORITHM=UNDEFINED */
/*!50013 DEFINER=`user`@`%` SQL SECURITY DEFINER */
/*!50001 VIEW `most_valuable` AS select `s`.`product_id` AS `product_id`,sum(`s`.`value`) AS `all_points`,count(`s`.`product_id`) AS `voices`,`p2`.`name` AS `name`,(sum(`s`.`value`) / count(`s`.`value`)) AS `middle_value` from (`score` `s` left join `products` `p2` on((`p2`.`id` = `s`.`product_id`))) group by `s`.`product_id` having (count(`s`.`product_id`) > 0) order by `middle_value` desc,`all_points` desc */;
/*!50001 SET character_set_client      = @saved_cs_client */;
/*!50001 SET character_set_results     = @saved_cs_results */;
/*!50001 SET collation_connection      = @saved_col_connection */;

--
-- Final view structure for view `popular_brands`
--

/*!50001 DROP VIEW IF EXISTS `popular_brands`*/;
/*!50001 SET @saved_cs_client          = @@character_set_client */;
/*!50001 SET @saved_cs_results         = @@character_set_results */;
/*!50001 SET @saved_col_connection     = @@collation_connection */;
/*!50001 SET character_set_client      = utf8mb4 */;
/*!50001 SET character_set_results     = utf8mb4 */;
/*!50001 SET collation_connection      = utf8mb4_0900_ai_ci */;
/*!50001 CREATE ALGORITHM=UNDEFINED */
/*!50013 DEFINER=`user`@`%` SQL SECURITY DEFINER */
/*!50001 VIEW `popular_brands` AS select `p`.`brand_id` AS `brand_id`,sum(`op`.`product_quantity`) AS `s`,`b2`.`name` AS `name` from ((`order_products` `op` left join `products` `p` on((`p`.`id` = `op`.`product_id`))) left join `brands` `b2` on((`b2`.`id` = `p`.`brand_id`))) group by `p`.`brand_id` having (count(`p`.`brand_id`) > 0) order by `s` desc */;
/*!50001 SET character_set_client      = @saved_cs_client */;
/*!50001 SET character_set_results     = @saved_cs_results */;
/*!50001 SET collation_connection      = @saved_col_connection */;
/*!40103 SET TIME_ZONE=@OLD_TIME_ZONE */;

/*!40101 SET SQL_MODE=@OLD_SQL_MODE */;
/*!40014 SET FOREIGN_KEY_CHECKS=@OLD_FOREIGN_KEY_CHECKS */;
/*!40014 SET UNIQUE_CHECKS=@OLD_UNIQUE_CHECKS */;
/*!40101 SET CHARACTER_SET_CLIENT=@OLD_CHARACTER_SET_CLIENT */;
/*!40101 SET CHARACTER_SET_RESULTS=@OLD_CHARACTER_SET_RESULTS */;
/*!40101 SET COLLATION_CONNECTION=@OLD_COLLATION_CONNECTION */;
/*!40111 SET SQL_NOTES=@OLD_SQL_NOTES */;

-- Dump completed on 2021-04-04 12:59:28
