-- MySQL dump 10.13  Distrib 8.0.23, for Linux (x86_64)
--
-- Host: localhost    Database: vk
-- ------------------------------------------------------
-- Server version	8.0.23-0ubuntu0.20.10.1

/*!40101 SET @OLD_CHARACTER_SET_CLIENT=@@CHARACTER_SET_CLIENT */;
/*!40101 SET @OLD_CHARACTER_SET_RESULTS=@@CHARACTER_SET_RESULTS */;
/*!40101 SET @OLD_COLLATION_CONNECTION=@@COLLATION_CONNECTION */;
/*!50503 SET NAMES utf8mb4 */;
/*!40103 SET @OLD_TIME_ZONE=@@TIME_ZONE */;
/*!40103 SET TIME_ZONE='+00:00' */;
/*!40014 SET @OLD_UNIQUE_CHECKS=@@UNIQUE_CHECKS, UNIQUE_CHECKS=0 */;
/*!40014 SET @OLD_FOREIGN_KEY_CHECKS=@@FOREIGN_KEY_CHECKS, FOREIGN_KEY_CHECKS=0 */;
/*!40101 SET @OLD_SQL_MODE=@@SQL_MODE, SQL_MODE='NO_AUTO_VALUE_ON_ZERO' */;
/*!40111 SET @OLD_SQL_NOTES=@@SQL_NOTES, SQL_NOTES=0 */;

--
-- Table structure for table `communities`
--

DROP TABLE IF EXISTS `communities`;
/*!40101 SET @saved_cs_client     = @@character_set_client */;
/*!50503 SET character_set_client = utf8mb4 */;
CREATE TABLE `communities` (
  `id` int unsigned NOT NULL AUTO_INCREMENT COMMENT 'Идентификатор сроки',
  `name` varchar(150) CHARACTER SET utf8mb4 COLLATE utf8mb4_unicode_ci NOT NULL COMMENT 'Название группы',
  `created_at` datetime DEFAULT CURRENT_TIMESTAMP COMMENT 'Время создания строки',
  `updated_at` datetime DEFAULT CURRENT_TIMESTAMP ON UPDATE CURRENT_TIMESTAMP COMMENT 'Время обновления строки',
  PRIMARY KEY (`id`),
  UNIQUE KEY `name` (`name`)
) ENGINE=InnoDB AUTO_INCREMENT=101 DEFAULT CHARSET=utf8mb4 COLLATE=utf8mb4_unicode_ci COMMENT='Группы';
/*!40101 SET character_set_client = @saved_cs_client */;

--
-- Dumping data for table `communities`
--

LOCK TABLES `communities` WRITE;
/*!40000 ALTER TABLE `communities` DISABLE KEYS */;
INSERT INTO `communities` VALUES (1,'quia','2012-12-30 22:16:51','1984-02-09 09:17:04'),(2,'eos','1973-08-11 21:34:10','1997-05-01 20:37:37'),(3,'rem','2015-05-09 22:59:14','1984-09-03 22:33:13'),(4,'ducimus','1997-04-03 23:33:37','1991-10-11 22:29:42'),(5,'blanditiis','2015-07-16 10:12:31','1987-02-10 17:26:23'),(6,'animi','1971-08-25 20:05:15','2005-12-25 13:22:46'),(7,'inventore','2009-07-03 12:34:06','1997-08-15 02:34:53'),(8,'praesentium','1982-05-20 17:32:26','1980-09-21 13:31:44'),(9,'quos','2006-08-29 13:55:29','1981-05-28 18:05:09'),(10,'pariatur','2015-08-20 03:43:02','2010-05-24 23:19:39'),(11,'incidunt','1984-11-22 15:20:18','2012-07-07 01:47:52'),(12,'autem','1975-01-14 17:22:19','2011-09-24 16:31:30'),(13,'doloremque','2000-08-03 13:56:40','1971-02-17 05:23:52'),(14,'et','2006-11-22 08:32:05','2000-05-24 14:00:07'),(15,'debitis','1993-07-01 12:12:19','2013-12-22 18:01:07'),(16,'enim','1982-03-05 04:27:16','1979-03-03 10:05:49'),(17,'nobis','2008-02-21 08:09:51','2013-02-04 11:44:28'),(18,'dolores','1973-02-14 14:57:07','1970-08-29 20:09:24'),(19,'velit','2017-05-30 00:55:21','1983-09-01 03:30:36'),(20,'doloribus','2009-01-23 14:49:26','1998-04-20 20:13:33'),(21,'fugiat','1971-07-11 18:51:21','1982-06-30 14:28:18'),(22,'omnis','2007-06-14 04:03:31','2003-02-10 12:52:03'),(23,'sequi','1999-02-02 06:58:47','1974-11-15 09:55:29'),(24,'reprehenderit','2006-10-12 16:16:28','2009-06-29 04:40:34'),(25,'ut','2002-11-13 17:37:45','1997-12-24 09:41:36'),(26,'deleniti','2018-05-04 18:27:13','1971-07-10 16:51:46'),(27,'quis','2016-04-27 21:45:19','1995-10-02 02:54:32'),(28,'minima','2018-01-28 04:04:37','1974-11-29 05:15:26'),(29,'numquam','1988-10-20 11:35:28','1974-10-26 02:04:39'),(30,'qui','2014-09-26 20:03:52','2007-06-11 03:07:23'),(31,'maxime','1992-05-07 08:26:48','1998-01-13 21:57:55'),(32,'necessitatibus','1989-01-31 07:29:09','1976-11-28 16:01:20'),(33,'culpa','2005-02-24 01:52:09','2003-12-26 12:48:48'),(34,'ex','1983-05-05 18:55:42','1973-12-27 07:46:07'),(35,'amet','1990-02-03 18:24:40','2016-02-09 03:46:56'),(36,'totam','1972-09-01 14:17:15','2007-09-16 01:11:30'),(37,'porro','1988-12-15 16:16:58','1982-03-31 19:26:29'),(38,'aut','2017-11-29 13:41:13','2009-12-24 18:21:17'),(39,'esse','1979-03-08 13:40:55','1978-05-20 11:34:02'),(40,'quam','1971-11-10 14:15:05','1989-12-08 20:58:18'),(41,'corporis','1999-11-22 13:39:12','2002-09-19 03:53:29'),(42,'eum','1981-04-08 07:18:27','2019-05-09 00:47:20'),(43,'expedita','1979-04-13 06:33:03','2003-03-16 02:42:21'),(44,'occaecati','2006-03-02 21:19:31','2010-01-26 20:14:46'),(45,'similique','1980-12-01 14:16:40','2020-11-28 17:42:58'),(46,'voluptatem','2012-12-31 23:41:51','2016-10-24 23:32:14'),(47,'id','1995-06-23 20:52:25','2019-07-04 13:06:08'),(48,'cum','2012-08-02 22:30:16','1973-07-04 23:33:46'),(49,'nostrum','1997-04-17 09:46:36','2003-11-06 20:02:01'),(50,'est','1993-06-03 02:52:37','2004-11-11 04:32:34'),(51,'suscipit','1974-10-31 05:01:34','1994-07-03 04:38:34'),(52,'sit','1998-08-04 13:38:40','2004-04-07 21:36:31'),(53,'quidem','1978-07-01 03:05:37','1970-02-03 05:06:22'),(54,'magnam','1978-09-01 08:39:54','2017-01-22 08:41:08'),(55,'alias','1998-12-06 05:51:28','2015-09-04 14:02:25'),(56,'dolorem','1993-11-30 14:53:35','2014-02-05 11:06:34'),(57,'ullam','2001-02-03 21:28:15','2013-06-30 13:55:23'),(58,'quisquam','1987-11-23 02:19:47','1999-06-18 11:04:42'),(59,'nam','2006-07-22 11:08:42','2000-08-09 14:21:00'),(60,'accusantium','1972-01-28 17:57:42','1975-04-04 03:27:39'),(61,'earum','1988-12-07 02:34:52','1995-12-12 17:42:56'),(62,'sed','1970-10-30 18:36:32','1988-02-05 14:07:30'),(63,'saepe','2013-12-02 16:32:31','1976-04-27 00:42:07'),(64,'error','1982-01-16 18:25:49','1993-02-09 15:30:22'),(65,'iure','1970-05-01 02:58:10','2013-01-07 13:59:00'),(66,'vitae','2016-06-27 03:03:28','2016-08-07 10:13:43'),(67,'officiis','2001-03-03 07:53:53','2001-09-18 23:52:59'),(68,'in','2021-02-09 12:53:03','2017-07-13 03:38:16'),(69,'odit','1992-05-29 12:10:03','2009-08-29 10:12:55'),(70,'consequatur','1995-06-19 03:06:58','2014-11-16 09:33:59'),(71,'ipsam','1996-01-06 05:33:15','1995-11-21 12:34:02'),(72,'non','2007-07-21 23:54:59','1978-05-01 10:51:17'),(73,'fugit','1984-03-12 14:08:04','1998-01-22 07:25:25'),(74,'maiores','2020-04-01 15:06:20','1995-03-04 11:29:25'),(75,'libero','1995-06-27 13:39:52','2012-07-09 04:21:01'),(76,'nihil','1998-03-30 05:46:17','1970-10-04 12:30:45'),(77,'accusamus','1971-09-25 13:19:32','2016-09-04 21:35:53'),(78,'quo','2004-02-17 00:03:23','1999-09-02 23:19:28'),(79,'architecto','1994-01-08 00:44:48','1972-08-03 12:13:13'),(80,'voluptas','2000-06-01 12:17:56','2013-01-14 21:47:01'),(81,'sint','1988-02-05 22:26:35','1992-04-29 18:04:03'),(82,'voluptatum','1994-01-26 01:51:02','1974-11-04 15:18:54'),(83,'quod','2007-11-10 13:40:51','2020-11-26 00:32:45'),(84,'quas','1999-05-15 09:44:30','2020-11-21 07:28:33'),(85,'impedit','1997-03-28 10:48:32','2011-09-20 01:07:43'),(86,'laudantium','1982-08-27 06:12:49','1978-05-18 16:41:25'),(87,'explicabo','1975-07-05 12:58:00','1989-06-19 14:59:06'),(88,'ipsum','1980-11-28 11:20:34','1984-02-22 23:15:37'),(89,'dolor','2010-01-08 02:39:35','2005-04-29 16:16:21'),(90,'perferendis','1982-05-04 02:42:52','1982-04-11 10:25:47'),(91,'nisi','2009-10-13 16:49:36','1971-04-14 07:33:07'),(92,'veniam','1985-08-01 17:42:51','1975-09-04 04:56:31'),(93,'unde','1973-10-20 02:30:33','1993-09-30 09:59:03'),(94,'exercitationem','1981-07-05 04:06:04','2005-10-17 09:45:14'),(95,'eaque','1990-03-01 10:11:56','2006-09-05 08:47:33'),(96,'sunt','1999-02-12 12:05:03','1989-11-30 02:47:53'),(97,'placeat','1987-05-06 05:12:29','2015-06-25 00:25:10'),(98,'minus','2008-02-23 16:59:31','2002-10-12 13:54:26'),(99,'natus','1979-07-10 15:50:35','1974-10-31 01:59:57'),(100,'adipisci','2008-09-12 22:32:50','2008-11-26 21:11:01');
/*!40000 ALTER TABLE `communities` ENABLE KEYS */;
UNLOCK TABLES;

--
-- Table structure for table `communities_users`
--

DROP TABLE IF EXISTS `communities_users`;
/*!40101 SET @saved_cs_client     = @@character_set_client */;
/*!50503 SET character_set_client = utf8mb4 */;
CREATE TABLE `communities_users` (
  `community_id` int unsigned NOT NULL COMMENT 'Ссылка на группу',
  `user_id` int unsigned NOT NULL COMMENT 'Ссылка на пользователя',
  `created_at` datetime DEFAULT CURRENT_TIMESTAMP COMMENT 'Время создания строки',
  PRIMARY KEY (`community_id`,`user_id`) COMMENT 'Составной первичный ключ'
) ENGINE=InnoDB DEFAULT CHARSET=utf8mb4 COLLATE=utf8mb4_unicode_ci COMMENT='Участники групп, связь между пользователями и группами';
/*!40101 SET character_set_client = @saved_cs_client */;

--
-- Dumping data for table `communities_users`
--

LOCK TABLES `communities_users` WRITE;
/*!40000 ALTER TABLE `communities_users` DISABLE KEYS */;
INSERT INTO `communities_users` VALUES (1,26,'1995-07-19 11:24:54'),(1,27,'2002-08-09 03:54:08'),(1,45,'1990-02-01 17:05:47'),(3,13,'2018-11-11 22:07:02'),(3,70,'1983-11-14 10:00:08'),(4,30,'1974-09-17 09:51:09'),(4,68,'1986-12-21 18:36:40'),(5,36,'1982-04-26 18:51:05'),(7,3,'2000-11-09 10:28:01'),(7,50,'1973-04-16 20:47:43'),(8,86,'2006-08-07 13:19:27'),(9,40,'1989-03-28 18:24:38'),(10,26,'1974-06-24 03:16:28'),(11,88,'1993-01-27 16:05:00'),(12,26,'2003-07-21 02:27:46'),(12,84,'2020-05-27 05:21:21'),(13,16,'2003-01-07 20:26:50'),(13,54,'1995-02-06 08:38:27'),(17,3,'1993-12-25 17:22:49'),(17,54,'2014-11-05 10:34:33'),(17,91,'1978-02-09 00:05:21'),(17,96,'1981-06-30 15:37:52'),(18,10,'1999-04-20 18:36:33'),(18,60,'2002-01-03 04:40:27'),(20,77,'2000-03-26 17:12:41'),(20,96,'1973-08-31 12:06:21'),(21,59,'1970-12-21 22:48:42'),(22,9,'2013-02-12 00:23:01'),(22,21,'2013-05-03 01:06:58'),(22,90,'2017-06-20 17:46:10'),(23,1,'2004-02-07 13:07:56'),(23,49,'2004-03-28 02:32:19'),(26,92,'2011-09-04 17:49:21'),(28,40,'1995-04-09 07:02:02'),(29,2,'2003-08-21 19:07:28'),(30,29,'2003-07-02 13:20:44'),(30,66,'2020-10-15 18:18:52'),(31,41,'2009-11-11 09:27:43'),(32,14,'2016-10-23 08:39:51'),(32,35,'1977-02-24 05:23:16'),(34,69,'2000-11-16 00:07:25'),(35,47,'1981-03-05 22:15:51'),(37,41,'1991-01-20 05:14:22'),(38,70,'2019-03-21 00:56:27'),(40,52,'1987-04-16 07:21:15'),(40,78,'1985-09-20 03:39:57'),(43,5,'1997-02-19 11:04:20'),(43,7,'1974-08-04 20:04:20'),(44,88,'1990-10-13 13:44:20'),(44,100,'2020-02-19 15:05:29'),(47,31,'1992-09-08 00:18:18'),(49,3,'2013-08-22 18:36:35'),(50,64,'1995-04-18 08:51:41'),(51,64,'2000-11-05 08:47:06'),(52,33,'2016-02-18 20:03:04'),(52,62,'1971-06-18 08:34:24'),(52,68,'2011-04-24 01:07:02'),(53,85,'2019-04-29 23:56:14'),(54,10,'2001-09-26 21:17:56'),(55,74,'2012-06-16 08:16:00'),(56,26,'1974-03-20 20:17:55'),(56,73,'1990-06-17 23:34:51'),(60,14,'2011-11-04 06:56:47'),(62,33,'1972-09-04 08:24:23'),(62,72,'2007-10-25 21:19:51'),(62,86,'2013-05-12 21:59:42'),(63,46,'2011-06-19 22:19:39'),(65,54,'1996-06-17 20:31:37'),(69,1,'1992-01-03 12:38:34'),(74,86,'1998-12-26 10:57:48'),(75,41,'1981-05-25 23:43:20'),(75,57,'1976-06-14 02:35:00'),(75,94,'2017-08-04 04:29:45'),(77,2,'2019-10-20 15:56:29'),(77,59,'1971-11-12 09:13:55'),(79,47,'1989-11-01 20:45:24'),(80,16,'2008-05-06 08:07:02'),(80,66,'2008-11-17 04:03:55'),(83,72,'1978-11-04 11:35:14'),(84,94,'2013-08-13 17:29:05'),(85,8,'2010-07-20 06:42:34'),(85,90,'2011-06-28 14:02:47'),(86,9,'1970-06-16 04:30:42'),(87,97,'1975-02-03 22:11:57'),(88,1,'1990-08-27 02:38:37'),(89,47,'1992-03-15 17:04:19'),(90,93,'1974-12-29 23:40:48'),(92,12,'2005-01-01 21:16:50'),(92,76,'2014-09-07 10:51:38'),(93,16,'1987-03-13 18:37:53'),(93,82,'1981-12-15 08:12:33'),(95,17,'2010-02-26 09:07:04'),(95,91,'2003-09-09 16:38:32'),(95,100,'2020-01-24 09:45:53'),(96,63,'1995-05-16 16:32:37'),(97,21,'1973-10-12 01:11:20'),(97,30,'2017-03-11 08:20:15'),(98,70,'1993-03-05 11:46:08'),(99,26,'1971-12-31 20:16:47'),(99,40,'2008-07-30 13:03:57');
/*!40000 ALTER TABLE `communities_users` ENABLE KEYS */;
UNLOCK TABLES;

--
-- Table structure for table `friendship`
--

DROP TABLE IF EXISTS `friendship`;
/*!40101 SET @saved_cs_client     = @@character_set_client */;
/*!50503 SET character_set_client = utf8mb4 */;
CREATE TABLE `friendship` (
  `user_id` int unsigned NOT NULL COMMENT 'Ссылка на инициатора дружеских отношений',
  `friend_id` int unsigned NOT NULL COMMENT 'Ссылка на получателя приглашения дружить',
  `status_id` int unsigned NOT NULL COMMENT 'Ссылка на статус (текущее состояние) отношений',
  `requested_at` datetime DEFAULT CURRENT_TIMESTAMP COMMENT 'Время отправления приглашения дружить',
  `confirmed_at` datetime DEFAULT NULL COMMENT 'Время подтверждения приглашения',
  `created_at` datetime DEFAULT CURRENT_TIMESTAMP COMMENT 'Время создания строки',
  `updated_at` datetime DEFAULT CURRENT_TIMESTAMP ON UPDATE CURRENT_TIMESTAMP COMMENT 'Время обновления строки',
  PRIMARY KEY (`user_id`,`friend_id`) COMMENT 'Составной первичный ключ'
) ENGINE=InnoDB DEFAULT CHARSET=utf8mb4 COLLATE=utf8mb4_unicode_ci COMMENT='Таблица дружбы';
/*!40101 SET character_set_client = @saved_cs_client */;

--
-- Dumping data for table `friendship`
--

LOCK TABLES `friendship` WRITE;
/*!40000 ALTER TABLE `friendship` DISABLE KEYS */;
INSERT INTO `friendship` VALUES (8,150,0,'1976-12-28 11:46:52','1993-10-31 23:55:47','2015-11-29 09:27:49','2014-01-28 19:16:16'),(9,115,0,'1972-09-27 07:16:32','2002-03-03 14:00:10','1985-01-18 02:14:19','1989-08-10 00:37:34'),(10,177,0,'1976-02-10 19:37:34','2019-08-26 23:17:02','2008-12-20 23:07:48','2008-04-12 15:29:11'),(12,199,0,'2014-12-17 06:54:04','1983-07-10 03:04:41','2000-05-10 08:13:06','1972-03-21 00:47:28'),(15,105,0,'2001-03-04 21:38:58','1987-05-09 02:03:56','1974-11-22 12:42:33','1981-04-03 08:29:26'),(15,126,0,'1979-12-05 03:49:19','1991-11-16 10:39:27','2002-08-06 19:42:44','1971-04-10 10:14:41'),(15,160,0,'1979-06-01 03:20:02','1973-09-12 00:54:29','1973-09-27 00:38:33','1999-12-13 01:26:52'),(16,109,0,'2004-08-17 07:35:44','1992-01-21 11:48:36','2013-02-24 00:43:40','1986-11-30 00:48:25'),(17,200,0,'1994-01-07 20:53:01','1971-04-07 19:13:56','2014-12-14 02:06:38','1982-03-07 04:34:09'),(18,168,1,'1988-03-11 20:40:59','1986-08-16 02:15:57','1994-12-01 17:00:05','1978-06-18 22:20:46'),(20,107,0,'1998-11-06 12:37:27','1980-09-07 21:21:25','2005-01-25 06:39:44','1975-01-20 10:35:41'),(21,138,0,'2013-08-30 15:21:38','2005-10-30 00:04:39','1993-09-05 08:00:20','2006-07-21 06:33:52'),(22,142,0,'2001-06-23 10:41:34','1996-11-16 09:00:28','1988-03-31 19:05:20','1996-06-13 10:46:26'),(23,101,0,'1973-01-25 17:15:34','1986-08-22 09:54:41','1996-07-14 20:17:12','2018-06-09 04:29:16'),(23,144,1,'1970-05-07 17:38:19','2008-08-03 06:22:14','1976-06-22 09:55:38','2012-03-31 18:12:48'),(23,170,1,'1979-05-28 01:15:23','2019-09-09 18:08:53','2010-08-26 00:20:02','1994-06-27 06:56:58'),(23,200,0,'1992-05-26 20:25:16','1997-09-21 14:11:17','1972-02-05 00:15:45','1983-10-02 08:18:18'),(24,131,0,'2011-05-19 16:17:11','1972-11-27 16:14:02','2004-10-06 03:39:40','1975-10-28 11:34:56'),(26,168,1,'2002-05-06 19:47:09','1972-10-16 13:45:03','1993-12-11 21:50:45','2013-10-04 13:41:27'),(27,180,0,'1998-11-16 20:44:56','2020-11-06 18:38:42','2017-08-07 16:38:52','1987-06-29 12:02:45'),(27,190,1,'1999-12-22 05:33:47','1986-01-14 15:16:17','1987-01-20 21:27:57','2000-07-21 20:32:11'),(29,135,0,'1982-08-09 02:14:02','1994-10-14 02:37:23','1980-02-23 22:29:00','2000-06-13 22:00:14'),(30,174,0,'2009-05-02 05:09:08','2004-08-14 14:48:02','1981-03-26 05:16:33','1979-04-18 23:44:30'),(32,117,1,'1988-08-28 22:41:42','1980-08-06 23:35:29','2000-02-19 05:58:45','1978-12-18 20:49:18'),(32,122,0,'1978-06-05 14:57:22','2004-10-17 07:09:52','1974-06-04 07:46:27','2002-01-01 09:57:02'),(32,199,0,'2005-12-09 20:15:11','1987-11-16 08:38:57','2011-10-14 23:23:04','2021-01-13 15:59:43'),(35,118,0,'2007-03-29 08:18:42','1985-02-05 05:03:16','1989-06-19 18:46:15','1983-07-24 14:32:36'),(35,152,0,'1998-09-06 21:55:04','2007-05-04 15:59:27','1990-01-05 12:53:07','2009-01-14 19:57:43'),(36,147,1,'1988-06-06 02:51:55','2019-04-04 22:27:02','1986-04-01 11:26:29','1970-01-12 07:50:30'),(37,174,0,'2019-05-11 20:00:20','1996-12-09 18:52:56','1980-03-04 14:16:17','1974-01-17 04:48:22'),(38,189,0,'1982-01-18 17:40:28','2015-04-15 16:35:33','2004-05-21 05:41:20','1977-03-01 17:50:29'),(40,105,0,'1982-05-10 17:07:03','1990-04-19 05:03:15','2000-01-11 09:00:52','1979-02-17 02:12:02'),(40,115,1,'1989-10-26 09:54:31','2016-05-12 21:03:22','1986-11-24 07:31:40','1986-11-14 04:56:23'),(40,141,1,'1981-10-09 02:20:25','2015-03-05 14:00:42','2019-02-26 23:27:53','2016-10-17 07:17:53'),(43,116,1,'1998-03-09 09:36:56','1990-09-25 00:25:59','1998-03-11 14:25:29','1986-11-16 12:30:56'),(43,123,0,'2014-07-19 02:47:39','1994-02-18 14:54:31','2017-06-17 06:10:37','1999-05-14 00:58:29'),(49,132,0,'2020-08-21 16:53:16','2001-06-16 08:22:25','2006-04-29 21:52:31','1986-10-21 03:05:45'),(49,146,0,'1977-08-10 00:37:15','1997-09-16 22:31:55','2004-09-26 14:16:22','1992-11-27 21:09:44'),(50,135,0,'1984-09-22 21:36:48','1971-12-11 15:04:37','2001-01-04 18:12:05','1995-07-04 08:40:01'),(50,154,0,'1972-06-02 23:16:55','2012-10-25 23:12:37','2014-01-31 11:48:51','2003-09-17 12:59:49'),(50,169,0,'2012-01-02 09:33:43','2001-04-11 04:09:35','1997-06-16 22:04:44','2002-11-19 22:38:12'),(51,153,1,'1973-06-21 14:26:06','2016-08-06 15:25:54','2002-06-29 00:42:57','2017-03-09 16:25:55'),(51,185,0,'1978-10-15 23:14:15','1992-04-02 07:46:05','2008-11-06 02:44:32','2014-06-02 13:33:46'),(53,101,0,'1973-04-14 09:47:54','1991-09-28 21:54:58','2007-05-21 20:37:48','1971-10-28 19:28:51'),(54,144,1,'2000-09-25 11:50:25','1976-12-06 02:25:54','1994-06-06 09:06:04','2001-08-05 17:44:41'),(55,121,0,'2019-09-06 02:35:25','2018-06-04 10:20:42','2003-12-12 20:04:50','1977-03-10 20:14:30'),(55,125,0,'1979-06-20 02:30:21','1991-12-06 17:55:58','2006-05-30 19:09:20','1995-04-08 17:13:30'),(55,190,1,'2014-08-20 19:38:55','1984-07-22 14:55:11','1987-11-01 04:31:41','2002-02-17 04:21:30'),(57,101,0,'1972-10-03 20:18:44','1998-05-01 13:51:35','2015-10-09 14:21:43','1981-05-02 23:49:07'),(57,128,0,'1997-12-18 12:43:30','1983-07-13 20:16:10','2000-05-28 04:56:49','1975-10-23 01:50:41'),(57,177,1,'2013-10-25 23:01:15','2017-06-22 06:31:35','1981-11-17 23:59:49','1981-11-02 03:56:15'),(60,118,0,'2001-06-29 23:55:37','1985-01-04 22:20:52','2003-11-17 18:58:38','2005-08-19 07:09:20'),(61,118,1,'1978-04-08 19:47:51','2001-12-01 18:23:51','1976-01-21 22:33:42','1994-07-23 05:28:44'),(61,125,0,'2007-05-27 15:07:49','1976-10-30 15:25:39','1994-04-04 09:21:54','1985-02-08 06:31:23'),(61,135,0,'2020-12-24 03:35:15','1970-06-15 18:51:39','1986-05-27 12:41:06','1991-08-05 08:24:28'),(61,156,1,'2003-08-02 04:57:31','1985-03-08 03:15:54','1994-11-24 06:09:56','1979-01-03 08:14:49'),(64,160,0,'1996-04-05 22:51:37','1980-12-08 07:37:51','2008-06-09 03:13:31','1990-01-02 13:58:16'),(65,132,0,'2010-11-21 02:02:10','1970-07-02 13:56:11','1972-12-14 04:19:05','1973-02-21 21:16:29'),(65,135,0,'1974-12-09 16:08:24','1995-06-08 17:46:36','1995-10-09 04:43:40','2019-07-21 10:59:06'),(65,152,1,'2013-12-25 15:33:00','1972-08-03 00:03:59','1979-10-16 16:41:34','2003-08-29 05:55:51'),(65,192,0,'2012-10-30 14:49:41','2001-07-07 10:05:08','1980-05-29 05:00:11','2009-06-15 16:49:44'),(65,198,0,'1993-11-15 13:36:07','2007-04-17 21:46:30','2011-04-08 10:03:36','2008-01-19 20:42:01'),(67,189,1,'1992-01-13 19:53:40','2009-07-23 22:50:13','1999-02-19 16:21:58','2020-02-16 02:30:52'),(68,133,1,'1974-10-05 07:00:48','1970-02-16 10:05:05','2007-08-26 06:05:30','1994-05-14 15:24:01'),(68,170,0,'1984-01-15 02:45:41','1994-04-02 13:20:53','2007-08-22 20:29:13','2003-07-03 03:51:15'),(69,116,0,'2008-04-15 12:17:07','1997-06-29 05:05:39','1999-11-07 00:02:14','2005-04-26 18:12:03'),(69,177,0,'2017-04-06 20:41:18','2010-08-30 12:08:48','2009-10-13 23:26:36','2014-07-04 04:07:00'),(70,153,0,'1982-05-31 14:47:12','2007-06-15 08:24:31','1971-08-07 08:35:50','2007-04-10 06:09:34'),(71,125,0,'2016-05-19 15:09:34','1996-11-30 21:12:43','1998-02-10 17:55:35','1999-05-08 06:48:11'),(71,143,0,'2003-07-29 15:27:21','2003-09-13 04:36:09','1992-12-22 11:09:14','2001-09-18 06:48:29'),(75,138,0,'2001-03-23 08:58:56','1983-10-19 01:18:03','1985-10-08 06:25:05','1992-11-29 16:10:45'),(76,104,0,'1992-01-22 15:26:28','1982-11-27 11:03:45','1970-04-16 20:53:36','1985-07-18 14:21:06'),(76,133,0,'1973-12-07 13:37:47','2004-05-06 18:21:38','1977-01-23 13:09:23','2008-07-24 11:42:01'),(77,165,0,'1972-11-28 12:11:40','1985-10-18 16:49:09','1996-08-14 11:33:33','1982-04-23 18:10:32'),(78,138,0,'2020-03-26 22:37:03','1975-03-02 05:26:46','1979-11-29 13:15:23','1989-10-19 20:28:54'),(80,137,0,'2011-09-24 18:00:30','1997-01-29 01:47:48','2008-10-03 02:36:30','1977-02-23 04:35:45'),(81,117,1,'1971-09-19 10:02:47','1983-07-04 11:19:14','1971-01-07 04:31:53','1970-11-18 21:14:18'),(82,109,0,'1983-01-09 06:34:39','1993-05-13 09:37:12','1971-04-10 09:48:40','2020-02-25 13:30:42'),(82,137,1,'2020-08-28 13:54:20','2013-04-25 08:19:06','1972-05-11 02:24:39','2018-02-02 02:34:24'),(83,152,0,'2010-02-23 04:22:51','2010-07-12 14:19:20','1976-08-18 08:28:07','1981-10-30 03:48:44'),(84,105,1,'2000-07-09 00:06:45','2003-05-25 05:25:07','2019-02-17 00:10:58','1980-09-07 05:26:38'),(84,125,1,'2005-08-18 10:29:14','2009-01-26 09:06:09','2010-03-22 05:02:01','2005-01-01 06:37:24'),(84,163,0,'1999-04-24 06:29:07','1997-04-24 21:02:04','1988-12-18 13:32:46','2016-02-07 06:28:00'),(85,141,0,'2020-03-17 09:03:52','2015-07-24 00:02:00','1998-09-12 18:39:20','2010-01-20 11:55:26'),(85,145,1,'1980-01-11 04:25:02','1986-04-26 14:49:40','2007-12-23 13:01:26','1978-12-12 10:05:52'),(85,147,0,'1976-05-05 22:40:37','2008-05-09 07:13:18','2012-04-29 13:25:31','1996-10-08 18:21:20'),(85,156,1,'2002-04-21 20:52:16','1983-03-09 00:43:12','1995-04-28 14:21:11','2007-12-26 05:55:47'),(87,142,0,'2019-06-18 04:06:47','2020-05-11 15:40:47','1997-01-09 04:13:22','2006-04-27 22:39:52'),(89,190,1,'2013-07-07 02:45:41','1971-11-05 15:13:57','1981-02-03 00:55:11','1982-01-12 09:17:24'),(90,133,0,'1981-04-26 12:16:04','2015-12-29 16:56:58','1988-10-04 21:53:56','1974-03-31 08:28:26'),(93,104,1,'2007-04-09 03:44:22','2012-11-29 20:49:49','2006-09-05 11:15:58','2016-09-10 09:35:25'),(94,163,1,'1999-07-05 15:51:15','1992-11-17 20:37:03','1972-06-13 14:30:33','1973-04-04 18:42:30'),(94,189,1,'1971-12-28 10:58:24','2009-05-27 02:20:31','1995-05-05 02:54:39','1997-03-11 06:54:22'),(95,143,0,'2019-02-19 22:38:17','1994-12-17 14:46:06','1977-04-21 21:52:23','2010-12-03 06:41:55'),(96,133,1,'1979-03-14 03:44:03','1990-07-20 14:37:43','1982-01-24 16:24:00','1974-08-09 17:17:50'),(97,110,0,'1989-08-27 03:14:25','1978-08-15 13:02:51','1983-06-02 17:24:38','2020-12-28 15:34:40'),(97,144,0,'2009-10-31 13:00:42','1971-09-07 01:18:13','2013-09-02 00:55:51','2019-06-25 06:18:11'),(97,180,1,'1988-03-10 07:26:33','2011-01-18 08:05:14','1981-07-04 03:50:55','1989-02-16 19:10:25'),(98,101,1,'2018-09-14 20:49:44','2002-01-03 10:23:55','2016-12-06 21:24:07','1983-10-25 20:06:05'),(99,132,1,'2016-01-30 04:18:58','1982-03-10 14:46:04','2003-06-21 09:27:05','1970-09-30 01:25:42');
/*!40000 ALTER TABLE `friendship` ENABLE KEYS */;
UNLOCK TABLES;

--
-- Table structure for table `friendship_statuses`
--

DROP TABLE IF EXISTS `friendship_statuses`;
/*!40101 SET @saved_cs_client     = @@character_set_client */;
/*!50503 SET character_set_client = utf8mb4 */;
CREATE TABLE `friendship_statuses` (
  `id` int unsigned NOT NULL AUTO_INCREMENT COMMENT 'Идентификатор строки',
  `name` varchar(150) CHARACTER SET utf8mb4 COLLATE utf8mb4_unicode_ci NOT NULL COMMENT 'Название статуса',
  `created_at` datetime DEFAULT CURRENT_TIMESTAMP COMMENT 'Время создания строки',
  `updated_at` datetime DEFAULT CURRENT_TIMESTAMP ON UPDATE CURRENT_TIMESTAMP COMMENT 'Время обновления строки',
  PRIMARY KEY (`id`),
  UNIQUE KEY `name` (`name`)
) ENGINE=InnoDB AUTO_INCREMENT=201 DEFAULT CHARSET=utf8mb4 COLLATE=utf8mb4_unicode_ci COMMENT='Статусы дружбы';
/*!40101 SET character_set_client = @saved_cs_client */;

--
-- Dumping data for table `friendship_statuses`
--

LOCK TABLES `friendship_statuses` WRITE;
/*!40000 ALTER TABLE `friendship_statuses` DISABLE KEYS */;
INSERT INTO `friendship_statuses` VALUES (101,'Justus','2001-05-29 08:32:52','2002-10-22 23:27:24'),(102,'Karianne','1997-01-17 13:23:03','2006-10-15 23:33:28'),(103,'Lowell','2016-01-14 20:26:21','2019-03-20 01:16:55'),(104,'Petra','2010-08-28 08:44:43','2011-07-07 05:28:05'),(105,'Vena','1978-03-15 12:37:10','2015-12-10 06:36:11'),(106,'Cristina','1972-08-30 01:14:37','1973-08-22 06:27:53'),(107,'Anya','2002-03-18 10:05:16','1986-01-09 03:34:15'),(108,'Emelie','2013-11-29 22:50:36','1984-04-10 12:08:22'),(109,'Jamar','2008-01-09 08:42:08','2003-04-03 02:48:37'),(110,'Laurie','1974-08-27 22:44:56','2015-05-02 14:01:36'),(113,'Mathew','2013-08-15 21:44:00','2001-02-20 13:50:30'),(114,'Marion','1981-06-24 03:02:36','1971-10-18 10:56:12'),(115,'Janie','1970-11-13 12:44:03','1981-05-08 05:52:24'),(116,'Julien','2003-10-19 16:06:38','1983-01-30 02:01:16'),(117,'Dovie','1991-12-16 03:20:54','2006-04-26 13:32:43'),(118,'Aaliyah','2010-10-22 15:13:58','1973-04-13 04:47:50'),(119,'Tyson','1970-11-26 06:01:41','1983-12-25 07:28:35'),(121,'Garrison','1984-01-21 22:21:22','2014-03-29 04:18:22'),(122,'Andreanne','1993-08-30 07:59:17','1989-04-16 04:56:12'),(123,'Jeromy','2002-11-02 12:58:40','2011-04-08 16:39:17'),(124,'Burdette','1972-01-19 02:20:53','1979-06-05 03:58:14'),(125,'Kiarra','1997-06-02 22:17:45','1986-07-05 14:13:01'),(126,'Adrien','1985-11-29 03:09:04','1989-01-22 21:33:28'),(128,'Melvina','1986-12-06 12:44:40','1981-08-12 17:44:02'),(131,'Nannie','1982-07-28 18:57:02','1990-03-04 07:09:59'),(132,'Ardella','1976-09-15 06:04:30','1975-06-30 07:32:50'),(133,'Devan','1990-04-10 00:32:00','1994-08-20 19:50:46'),(135,'Vanessa','1979-07-23 05:42:25','2016-07-04 18:45:30'),(137,'Myrtle','1980-11-13 03:27:38','1990-01-03 01:57:38'),(138,'Adelia','1988-11-24 05:55:46','1995-02-16 19:22:26'),(141,'Lavada','2018-06-01 23:57:22','2003-01-24 18:19:20'),(142,'Karl','2019-05-08 00:36:12','2008-03-20 00:28:43'),(143,'Orrin','2003-01-05 07:28:21','1978-01-31 22:59:51'),(144,'Flossie','2008-05-06 00:45:56','1986-05-07 03:38:36'),(145,'Darian','1990-01-22 19:27:49','1989-05-29 03:27:31'),(146,'Devyn','2005-05-15 11:07:15','1996-10-16 08:24:43'),(147,'Van','1984-04-08 16:44:08','1988-10-26 04:28:45'),(150,'Percy','1974-09-20 19:11:14','2018-04-08 17:09:37'),(152,'Mary','1999-11-19 10:06:31','2020-10-17 19:05:59'),(153,'Tavares','2021-02-24 01:58:53','2016-08-24 16:55:05'),(154,'Yoshiko','2001-02-09 22:35:54','2011-08-12 13:06:54'),(155,'Veda','1990-08-15 04:36:35','1993-11-09 09:09:43'),(156,'Jaunita','1975-01-23 22:36:58','2016-05-08 11:47:20'),(158,'Crystal','2009-12-23 18:54:50','1981-03-01 00:15:16'),(159,'Dameon','2014-03-20 10:09:54','1992-01-11 05:11:04'),(160,'Katheryn','2006-08-14 23:42:55','1983-03-26 09:31:59'),(163,'Lincoln','2014-11-09 21:15:41','1981-07-13 15:18:42'),(165,'Keshaun','1999-10-14 17:33:19','2009-04-18 07:36:38'),(168,'Ernestina','2002-11-06 20:24:05','1981-11-30 19:42:04'),(169,'Kobe','1971-06-13 20:54:02','1998-06-24 20:06:34'),(170,'Camila','1985-11-05 21:20:33','2005-02-13 05:07:12'),(174,'Hertha','1973-04-03 18:38:30','1998-11-08 10:16:53'),(177,'Maxie','1996-03-22 19:42:06','1975-12-30 02:05:22'),(180,'Ara','2014-03-17 23:06:56','2019-10-25 07:25:30'),(181,'Gina','2019-05-15 05:02:03','1989-01-27 16:56:44'),(185,'Brett','2010-11-18 05:24:40','2006-09-28 23:14:41'),(189,'Anastasia','2001-01-05 11:10:47','1979-09-24 23:41:56'),(190,'August','2012-09-10 18:31:24','2000-10-30 15:18:02'),(192,'Angelo','2012-07-10 22:19:32','1979-10-27 19:10:10'),(195,'Ezekiel','1991-05-17 10:13:18','2008-02-07 06:48:49'),(198,'Wilson','2002-06-06 18:50:40','1977-05-13 23:41:38'),(199,'Boris','1971-07-02 20:20:39','1990-06-15 09:38:52'),(200,'Lizzie','1978-07-09 14:01:15','1974-03-30 19:12:31');
/*!40000 ALTER TABLE `friendship_statuses` ENABLE KEYS */;
UNLOCK TABLES;

--
-- Table structure for table `media`
--

DROP TABLE IF EXISTS `media`;
/*!40101 SET @saved_cs_client     = @@character_set_client */;
/*!50503 SET character_set_client = utf8mb4 */;
CREATE TABLE `media` (
  `id` int unsigned NOT NULL AUTO_INCREMENT COMMENT 'Идентификатор строки',
  `user_id` int unsigned NOT NULL COMMENT 'Ссылка на пользователя, который загрузил файл',
  `filename` varchar(255) CHARACTER SET utf8mb4 COLLATE utf8mb4_unicode_ci NOT NULL COMMENT 'Путь к файлу',
  `size` int NOT NULL COMMENT 'Размер файла',
  `metadata` longtext CHARACTER SET utf8mb4 COLLATE utf8mb4_bin COMMENT 'Метаданные файла',
  `media_type_id` int unsigned NOT NULL COMMENT 'Ссылка на тип контента',
  `created_at` datetime DEFAULT CURRENT_TIMESTAMP COMMENT 'Время создания строки',
  `updated_at` datetime DEFAULT CURRENT_TIMESTAMP ON UPDATE CURRENT_TIMESTAMP COMMENT 'Время обновления строки',
  PRIMARY KEY (`id`),
  CONSTRAINT `media_chk_1` CHECK (json_valid(`metadata`))
) ENGINE=InnoDB AUTO_INCREMENT=101 DEFAULT CHARSET=utf8mb4 COLLATE=utf8mb4_unicode_ci COMMENT='Медиафайлы';
/*!40101 SET character_set_client = @saved_cs_client */;

--
-- Dumping data for table `media`
--

LOCK TABLES `media` WRITE;
/*!40000 ALTER TABLE `media` DISABLE KEYS */;
INSERT INTO `media` VALUES (1,16,'omnis',449624,NULL,12,'1986-12-06 17:12:26','1988-03-01 13:28:02'),(2,96,'fugit',202480020,NULL,17,'1997-02-23 20:55:09','1986-05-25 14:24:15'),(3,96,'neque',8643611,NULL,21,'1985-07-22 07:27:58','1987-05-21 08:02:09'),(4,63,'nobis',315,NULL,4,'1974-12-26 02:28:37','1970-02-02 02:31:24'),(5,3,'labore',102,NULL,19,'1982-01-24 14:20:57','1992-08-24 11:20:28'),(6,86,'reiciendis',7052,NULL,14,'2018-08-18 01:35:12','1988-01-22 16:29:52'),(7,31,'esse',9,NULL,17,'2006-04-28 11:40:20','1987-05-28 02:16:59'),(8,21,'quas',0,NULL,29,'1994-05-28 22:40:36','2014-09-18 03:49:04'),(9,33,'ad',3,NULL,30,'1972-02-17 12:46:53','1999-11-20 07:22:49'),(10,96,'reprehenderit',113622,NULL,24,'1982-09-21 10:47:24','1981-04-10 22:16:51'),(11,31,'autem',9317599,NULL,26,'1984-09-09 20:33:43','1993-12-23 17:04:54'),(12,73,'magni',0,NULL,13,'2013-03-22 16:48:01','2006-03-24 05:34:13'),(13,70,'voluptas',290344777,NULL,23,'1998-11-21 05:01:54','2016-08-25 14:58:22'),(14,19,'aut',1997991,NULL,15,'2004-09-08 17:17:57','1973-01-22 10:31:51'),(15,47,'sint',12,NULL,10,'1975-08-03 19:32:45','1996-05-23 03:09:01'),(16,20,'dolorum',706991,NULL,22,'1978-02-28 11:12:42','1990-06-02 13:41:36'),(17,21,'quia',0,NULL,29,'1975-10-10 22:41:28','2004-03-23 03:02:38'),(18,21,'nesciunt',268086,NULL,4,'1988-03-23 06:34:35','2015-06-15 04:14:42'),(19,73,'amet',0,NULL,30,'2016-05-07 01:57:28','2016-04-27 22:06:32'),(20,3,'culpa',51028,NULL,14,'1983-05-15 15:32:52','2019-08-07 00:23:13'),(21,82,'et',2756,NULL,4,'1983-06-25 00:00:57','1981-06-13 16:48:22'),(22,18,'similique',632,NULL,16,'2005-04-05 11:36:03','1986-01-23 16:40:19'),(23,42,'consequuntur',7786,NULL,8,'1995-03-15 14:52:24','1999-01-07 01:31:00'),(24,88,'excepturi',3682014,NULL,16,'2009-05-10 19:39:23','2017-08-02 08:40:29'),(25,83,'est',3378,NULL,10,'2015-12-14 05:35:27','2017-08-18 05:36:52'),(26,24,'dolore',678,NULL,13,'1986-06-02 05:33:28','1985-01-21 13:25:50'),(27,24,'error',2696302,NULL,2,'2010-08-11 14:07:35','1970-05-31 03:44:05'),(28,78,'eius',2095,NULL,29,'1987-06-27 23:14:07','2018-01-29 19:55:59'),(29,46,'omnis',119365,NULL,7,'1976-08-28 23:34:18','1982-05-16 11:21:46'),(30,27,'iste',457290967,NULL,15,'1985-12-28 01:04:46','1973-01-11 21:48:01'),(31,69,'consectetur',372057107,NULL,9,'1995-01-23 16:57:29','1971-04-02 08:19:46'),(32,1,'voluptate',33006287,NULL,18,'1981-04-14 06:15:14','2002-02-16 02:20:52'),(33,17,'placeat',621665108,NULL,2,'2004-06-13 11:23:05','2010-12-31 08:12:08'),(34,70,'consequuntur',285,NULL,30,'2016-01-28 11:24:53','1980-06-27 13:44:33'),(35,20,'laudantium',8,NULL,22,'2003-08-08 19:39:32','1982-03-04 16:53:29'),(36,68,'modi',184212640,NULL,20,'2000-11-17 01:58:00','1996-07-10 06:31:51'),(37,30,'quasi',2,NULL,13,'2019-08-20 11:50:16','2020-12-31 22:08:23'),(38,15,'omnis',738,NULL,8,'1998-11-16 14:29:00','1983-07-06 03:28:48'),(39,45,'laboriosam',643,NULL,19,'2006-04-27 14:39:54','2000-01-31 09:28:05'),(40,76,'mollitia',701079424,NULL,13,'2015-06-05 11:35:06','1980-12-12 12:29:35'),(41,3,'molestias',8887,NULL,2,'2010-09-26 05:37:10','1990-12-30 00:00:38'),(42,81,'quia',77868439,NULL,15,'2020-01-20 23:34:33','2009-11-03 06:08:00'),(43,16,'cumque',83,NULL,25,'2015-06-30 08:31:21','1978-01-22 01:00:42'),(44,63,'cumque',0,NULL,24,'2000-11-11 20:16:23','2007-02-13 21:49:53'),(45,87,'similique',115,NULL,30,'1971-02-15 06:18:09','1997-04-06 05:20:11'),(46,18,'quia',547986432,NULL,4,'1998-03-28 12:20:02','2006-08-20 15:26:48'),(47,58,'consectetur',85736975,NULL,16,'2018-01-02 13:35:45','2001-01-25 22:26:17'),(48,81,'et',9380419,NULL,28,'2019-08-06 13:14:44','1979-09-13 06:00:45'),(49,22,'qui',53889,NULL,8,'1986-04-20 20:37:57','2015-03-04 22:32:42'),(50,24,'beatae',696,NULL,16,'1971-09-22 14:24:20','1975-09-07 12:57:26'),(51,65,'quibusdam',58,NULL,11,'1971-02-19 10:23:49','2005-01-10 16:21:38'),(52,15,'eum',0,NULL,11,'1977-12-30 17:17:55','1975-01-25 15:36:15'),(53,75,'dolores',9235559,NULL,1,'2016-03-24 16:05:39','2004-02-18 14:07:44'),(54,94,'modi',600,NULL,19,'2004-05-24 07:03:48','1988-04-01 21:34:17'),(55,24,'distinctio',9557,NULL,27,'1974-04-03 19:13:38','1991-11-23 19:14:08'),(56,65,'nesciunt',805,NULL,11,'1970-04-04 23:48:30','2002-04-15 13:12:34'),(57,95,'et',9251,NULL,2,'1994-10-25 09:50:47','1993-02-27 08:18:06'),(58,46,'earum',367334737,NULL,28,'1995-06-18 04:45:17','1981-09-07 16:08:24'),(59,16,'impedit',482678271,NULL,9,'1985-10-02 00:15:10','2008-11-17 19:35:25'),(60,51,'unde',0,NULL,8,'1991-08-19 23:15:16','1998-11-21 11:20:39'),(61,94,'est',694,NULL,13,'2017-12-26 02:26:48','1979-01-31 03:11:33'),(62,16,'qui',27159892,NULL,18,'2007-06-30 09:47:09','1983-08-25 06:14:40'),(63,41,'qui',7,NULL,26,'1999-10-23 18:08:19','1990-12-03 12:57:13'),(64,7,'maiores',71,NULL,14,'1990-08-16 18:39:31','2006-09-16 22:31:59'),(65,1,'asperiores',679204,NULL,18,'1992-09-06 02:47:44','1984-06-05 17:04:47'),(66,66,'est',4032,NULL,17,'1986-04-05 14:48:11','1971-08-05 20:28:54'),(67,7,'architecto',34461167,NULL,4,'1992-03-24 14:21:36','1971-03-26 18:44:05'),(68,86,'nostrum',51826,NULL,30,'1986-07-31 21:31:42','1992-08-16 00:50:46'),(69,71,'sunt',7,NULL,25,'2009-10-28 21:03:18','1983-05-01 09:33:24'),(70,68,'voluptatem',55184257,NULL,23,'1972-11-23 10:13:03','1995-08-02 19:58:20'),(71,31,'dicta',91257717,NULL,13,'2012-03-14 15:16:44','2002-02-17 06:07:21'),(72,46,'quia',799808400,NULL,26,'1983-09-13 17:22:01','1981-06-29 15:20:37'),(73,29,'culpa',405692788,NULL,7,'1987-06-03 12:51:12','2009-12-31 19:30:36'),(74,87,'qui',160,NULL,7,'1979-03-30 12:46:48','2005-12-06 12:16:30'),(75,12,'rerum',63,NULL,20,'2004-03-08 07:28:05','1996-08-23 09:42:08'),(76,20,'tempore',0,NULL,6,'2015-07-31 04:37:02','1975-07-05 06:56:35'),(77,93,'sint',2746,NULL,11,'2000-04-28 15:22:40','1973-04-08 05:22:54'),(78,65,'inventore',35692,NULL,5,'2007-07-10 10:07:46','1972-12-31 20:08:56'),(79,7,'consequatur',426969273,NULL,3,'2001-10-02 10:48:54','1980-07-07 08:45:52'),(80,49,'aut',356,NULL,18,'2013-08-18 02:03:41','2004-02-29 19:56:23'),(81,22,'quo',224,NULL,21,'2018-09-26 03:17:42','2005-11-29 13:02:00'),(82,87,'rerum',16210,NULL,14,'1971-01-26 01:22:15','2008-07-30 18:46:31'),(83,100,'sit',20,NULL,29,'2000-05-21 01:56:25','2012-08-04 02:49:42'),(84,22,'nesciunt',956726,NULL,22,'1984-10-05 04:30:20','1973-11-13 11:20:49'),(85,21,'culpa',0,NULL,2,'1970-09-14 12:21:57','2009-12-19 05:04:57'),(86,65,'non',969779454,NULL,25,'1981-06-28 23:54:12','1980-07-15 01:35:46'),(87,8,'et',69354787,NULL,2,'1987-12-30 12:52:44','1977-04-21 05:05:15'),(88,48,'ea',545428,NULL,4,'2016-02-19 14:09:10','1974-06-14 05:31:07'),(89,14,'rem',8966,NULL,23,'2003-12-26 02:10:08','2001-10-13 23:57:17'),(90,75,'libero',2,NULL,10,'1993-04-18 12:39:20','1973-01-07 10:53:01'),(91,92,'id',9940212,NULL,12,'2009-05-22 10:18:04','2002-12-29 18:06:30'),(92,15,'et',67,NULL,5,'2015-04-01 18:25:23','1987-05-11 10:22:10'),(93,54,'quod',7106,NULL,28,'1977-02-02 14:24:26','1988-08-30 08:02:50'),(94,1,'aut',0,NULL,8,'2016-04-28 02:17:00','1970-06-08 05:47:02'),(95,94,'aperiam',44296232,NULL,19,'1970-09-05 01:31:10','2006-09-17 08:07:59'),(96,19,'architecto',69813,NULL,15,'2007-08-09 05:30:21','1983-02-09 06:38:49'),(97,5,'labore',1786,NULL,25,'1982-03-24 21:28:18','1999-09-17 14:49:06'),(98,27,'beatae',9194179,NULL,22,'2010-02-25 02:41:39','2018-07-25 09:40:37'),(99,93,'expedita',109452591,NULL,15,'1977-12-03 21:42:57','2002-02-12 02:22:04'),(100,25,'non',0,NULL,19,'1990-07-01 10:54:00','2010-08-21 08:44:28');
/*!40000 ALTER TABLE `media` ENABLE KEYS */;
UNLOCK TABLES;

--
-- Table structure for table `media_types`
--

DROP TABLE IF EXISTS `media_types`;
/*!40101 SET @saved_cs_client     = @@character_set_client */;
/*!50503 SET character_set_client = utf8mb4 */;
CREATE TABLE `media_types` (
  `id` int unsigned NOT NULL AUTO_INCREMENT COMMENT 'Идентификатор строки',
  `name` varchar(255) CHARACTER SET utf8mb4 COLLATE utf8mb4_unicode_ci NOT NULL COMMENT 'Название типа',
  `created_at` datetime DEFAULT CURRENT_TIMESTAMP COMMENT 'Время создания строки',
  `updated_at` datetime DEFAULT CURRENT_TIMESTAMP ON UPDATE CURRENT_TIMESTAMP COMMENT 'Время обновления строки',
  PRIMARY KEY (`id`),
  UNIQUE KEY `name` (`name`)
) ENGINE=InnoDB AUTO_INCREMENT=31 DEFAULT CHARSET=utf8mb4 COLLATE=utf8mb4_unicode_ci COMMENT='Типы медиафайлов';
/*!40101 SET character_set_client = @saved_cs_client */;

--
-- Dumping data for table `media_types`
--

LOCK TABLES `media_types` WRITE;
/*!40000 ALTER TABLE `media_types` DISABLE KEYS */;
INSERT INTO `media_types` VALUES (1,'labore','1982-04-14 17:21:56','1996-01-11 07:52:56'),(2,'perferendis','2004-05-18 05:06:59','2010-03-24 03:10:02'),(3,'dolore','2016-06-14 12:46:23','2005-05-15 17:06:17'),(4,'laborum','2018-11-29 13:02:26','2000-05-24 10:05:37'),(5,'eos','1971-07-04 18:29:32','2009-04-21 13:11:55'),(6,'laboriosam','1979-02-25 02:40:11','1986-10-24 16:06:45'),(7,'explicabo','1985-12-04 01:11:11','2003-11-13 07:09:17'),(8,'totam','1990-06-23 06:21:17','1974-02-21 20:48:55'),(9,'ut','1997-07-05 04:44:48','2002-12-13 07:01:58'),(10,'alias','2010-03-30 08:04:19','2017-05-21 01:42:42'),(11,'tempore','2017-11-07 00:26:24','2000-07-27 08:37:55'),(12,'ea','2010-10-04 11:05:38','2007-01-16 02:32:29'),(13,'non','1972-01-16 17:48:46','1973-09-08 08:41:56'),(14,'aut','2009-08-29 11:59:24','1988-07-19 12:51:31'),(15,'asperiores','2013-03-20 05:19:00','1993-09-16 20:47:22'),(16,'velit','1982-01-21 18:06:34','1980-11-19 23:47:14'),(17,'quis','2017-06-10 11:00:24','1998-01-31 21:22:32'),(18,'voluptatibus','2003-05-13 01:32:31','1972-07-07 13:10:29'),(19,'voluptatem','1975-03-05 23:02:52','1983-07-16 01:28:47'),(20,'reprehenderit','1986-10-16 12:11:09','2006-11-04 08:48:54'),(21,'modi','2011-12-28 10:19:23','1981-06-22 02:49:05'),(22,'eum','2013-12-22 13:53:48','1974-04-22 16:49:58'),(23,'dicta','2007-05-06 23:26:12','1991-05-19 00:01:21'),(24,'sed','1997-12-01 11:03:04','2011-02-14 03:22:02'),(25,'facere','1998-12-07 06:43:18','2017-02-14 04:43:54'),(26,'eligendi','2001-02-26 17:45:18','1976-10-28 08:45:17'),(27,'aliquam','2016-11-20 11:36:43','2018-10-11 07:07:10'),(28,'nam','1992-01-24 03:55:30','1980-06-10 17:56:25'),(29,'distinctio','2007-12-19 09:41:34','2011-09-12 14:04:10'),(30,'qui','1988-06-02 09:58:00','1977-08-08 20:16:59');
/*!40000 ALTER TABLE `media_types` ENABLE KEYS */;
UNLOCK TABLES;

--
-- Table structure for table `messages`
--

DROP TABLE IF EXISTS `messages`;
/*!40101 SET @saved_cs_client     = @@character_set_client */;
/*!50503 SET character_set_client = utf8mb4 */;
CREATE TABLE `messages` (
  `id` int unsigned NOT NULL AUTO_INCREMENT COMMENT 'Идентификатор строки',
  `from_user_id` int unsigned NOT NULL COMMENT 'Ссылка на отправителя сообщения',
  `to_user_id` int unsigned NOT NULL COMMENT 'Ссылка на получателя сообщения',
  `body` text CHARACTER SET utf8mb4 COLLATE utf8mb4_unicode_ci NOT NULL COMMENT 'Текст сообщения',
  `is_important` tinyint(1) DEFAULT NULL COMMENT 'Признак важности',
  `is_delivered` tinyint(1) DEFAULT NULL COMMENT 'Признак доставки',
  `created_at` datetime DEFAULT CURRENT_TIMESTAMP COMMENT 'Время создания строки',
  `updated_at` datetime DEFAULT CURRENT_TIMESTAMP ON UPDATE CURRENT_TIMESTAMP COMMENT 'Время обновления строки',
  PRIMARY KEY (`id`)
) ENGINE=InnoDB AUTO_INCREMENT=101 DEFAULT CHARSET=utf8mb4 COLLATE=utf8mb4_unicode_ci COMMENT='Сообщения';
/*!40101 SET character_set_client = @saved_cs_client */;

--
-- Dumping data for table `messages`
--

LOCK TABLES `messages` WRITE;
/*!40000 ALTER TABLE `messages` DISABLE KEYS */;
INSERT INTO `messages` VALUES (1,55,48,'Aspernatur cumque ut et non accusantium inventore. Delectus blanditiis ea aut id labore. Consequatur ipsam id minus vero.',1,1,'1979-03-08 15:45:34','2011-01-31 08:39:57'),(2,47,5,'Laborum omnis similique a. Reiciendis est ratione ea totam ipsam. Magnam non consequuntur non natus repellendus culpa nobis non.',1,1,'1982-10-11 07:24:10','1973-05-04 16:43:46'),(3,79,76,'Reprehenderit magni adipisci commodi maxime voluptas cupiditate consequatur aliquid. Ad eius illo ipsum. Tempora voluptas et molestias laboriosam voluptatem quisquam eveniet. Quibusdam consectetur eos suscipit similique ut.',0,1,'1986-11-23 23:55:14','1981-05-10 21:14:15'),(4,21,100,'Quo similique atque enim sed et qui dignissimos. Mollitia possimus cupiditate error est qui vero. Sint occaecati laborum quo. Consectetur exercitationem reiciendis ea eius alias enim.',0,1,'2006-12-14 07:23:54','1992-09-04 15:33:08'),(5,37,80,'Qui in aliquid dolores. Quia voluptas explicabo voluptas ullam mollitia. Consectetur illum corporis sed ipsum neque quaerat corporis. Aut nam et labore ipsa quaerat ut.',0,0,'2016-08-12 11:23:39','1983-09-25 21:44:30'),(6,82,76,'Unde dolore laudantium porro quam aspernatur et. Atque voluptas ex et praesentium quia. Rerum error animi sunt error magni recusandae aspernatur. Repellat molestiae nostrum quia deserunt vero.',1,1,'2016-05-12 01:33:55','2013-06-15 07:33:14'),(7,15,79,'Est est sunt eligendi recusandae voluptates beatae assumenda. Laborum voluptas aperiam repudiandae qui praesentium maiores. Nisi nesciunt non ea ex ratione ipsum aperiam.',0,0,'2004-05-27 15:04:47','1986-10-18 01:17:53'),(8,48,98,'Repellendus non architecto sit harum et. Reprehenderit velit ducimus eos iste exercitationem. Aut aspernatur libero unde ab commodi quis.',1,1,'2013-09-24 13:14:24','2008-05-12 10:40:46'),(9,69,85,'Esse corporis alias consequatur deserunt. Omnis aut quia deserunt non labore veniam corrupti. Libero voluptas illo voluptas consequatur nobis similique libero labore.',0,1,'2006-01-16 10:27:18','1991-09-06 16:27:23'),(10,98,88,'Ducimus architecto aut iste repudiandae qui veritatis. Illo a placeat aut temporibus odio quia atque. Eos omnis sint quibusdam non rem et.',1,0,'2013-07-27 19:36:30','2007-12-25 16:34:40'),(11,83,42,'Sapiente porro maiores aut quia at et. Fuga voluptatem ab consequatur explicabo doloremque enim. Et sit sed autem dolorem reiciendis explicabo aut. Architecto sed deserunt dolores nemo doloremque officiis blanditiis. In et et provident amet eligendi culpa.',0,1,'2001-09-08 01:38:50','2004-06-27 14:04:34'),(12,27,85,'Voluptas non facere qui iusto quis ad eum. Sed illum dolores aspernatur voluptatem. Ex enim similique molestias totam ullam totam delectus ea. Accusamus enim et voluptatem optio.',0,1,'1978-10-02 12:43:43','1994-10-25 02:59:46'),(13,45,49,'Corrupti omnis iure maxime est recusandae rem quo quis. Minus pariatur voluptas ipsam id nesciunt.',0,1,'1982-04-12 03:52:43','2020-11-25 07:22:11'),(14,29,95,'Mollitia ab nihil molestiae consequuntur autem. Blanditiis voluptas omnis ea odio natus dolorum distinctio.',1,0,'1992-10-29 09:54:47','2013-09-27 17:02:42'),(15,27,73,'Occaecati consequuntur vel nostrum numquam in rem. In sit saepe numquam et.',0,0,'2013-08-30 16:18:30','1986-07-07 08:13:52'),(16,45,81,'Aperiam enim dolore omnis sit. Ut odit est ipsa tempora id tenetur doloremque. In et dolor aut culpa doloremque accusamus assumenda quia. Cumque tenetur quia qui blanditiis sit nulla.',1,1,'1986-09-06 12:51:18','2010-07-25 23:19:05'),(17,20,92,'Nemo qui aut dolore quidem illum. Ut nostrum rem nam quas doloribus porro commodi sint. Sit eveniet illum vero corrupti minima dolore. Sed sunt ab deserunt dicta ipsa quae rerum.',0,0,'1997-11-15 05:34:53','1982-02-27 10:33:05'),(18,86,98,'Et sed dolorem natus possimus deleniti animi. Quae sunt saepe quae suscipit. Adipisci voluptatum quo est sint et impedit voluptatem doloribus.',1,1,'1984-07-06 13:19:40','1978-04-20 14:37:39'),(19,68,6,'Soluta quasi natus voluptatem vel aut. Nulla maiores blanditiis qui tempora et eos. Repellendus numquam expedita vitae quisquam dicta repellendus.',0,0,'1992-07-07 06:33:09','1999-10-15 00:30:07'),(20,98,4,'Tempore culpa id quia nam provident asperiores. Magnam blanditiis exercitationem explicabo ad eligendi sint ipsum.',0,1,'2017-08-17 13:51:04','2015-11-30 21:25:44'),(21,86,80,'Assumenda exercitationem quo quo repellat odit eaque. Esse est id architecto voluptate mollitia quae. Sed rem fugit doloremque recusandae consectetur doloremque.',1,1,'2016-12-04 00:16:47','1985-06-03 10:55:52'),(22,79,100,'Cupiditate nihil ullam quod molestias earum sit. Sint quisquam quaerat modi dolores. Nihil dolorum suscipit sed aut. Et necessitatibus et eaque et recusandae voluptatum.',1,0,'1999-06-29 11:10:04','2010-03-26 10:18:45'),(23,59,27,'Omnis tempora molestias non necessitatibus non quos aliquam cum. Voluptatum est at non quisquam. Officia rerum molestiae neque. Quos non asperiores id rerum animi quisquam aspernatur pariatur. Aperiam error qui asperiores praesentium impedit et.',1,1,'2018-01-23 04:52:07','1981-05-12 20:06:03'),(24,98,27,'Distinctio ullam dicta corporis et excepturi sunt. Tempore eius eaque enim eaque magnam nobis. Labore sequi molestiae qui est. Deleniti amet recusandae rerum qui optio facere.',1,0,'2001-07-11 19:49:05','1988-06-05 02:03:33'),(25,11,96,'Ea asperiores deserunt deserunt optio iure ut assumenda. Et nam et eveniet est non. Omnis saepe et ut omnis.',1,1,'1999-12-03 12:26:03','2008-06-22 09:26:51'),(26,15,94,'Ut molestiae earum sunt consectetur voluptatem enim ullam. Error fuga aspernatur nisi. Hic accusantium voluptate voluptatum quia voluptatem ipsam. Odio quam dignissimos vero sed culpa.',0,0,'1973-10-13 18:49:10','2020-10-18 11:10:24'),(27,37,41,'Nisi doloribus officia est incidunt. Enim nam officia distinctio sit quaerat quae nihil id. Quae aut est sunt assumenda aperiam recusandae aliquam. Id quod iusto iusto.',1,1,'1970-02-25 00:35:03','2014-06-01 08:06:20'),(28,78,82,'Enim optio quia cupiditate rerum quia. Dolor deleniti in optio perferendis. Occaecati perferendis natus in vel inventore voluptatem accusantium. Quae facilis est consequuntur quia.',1,0,'1990-06-06 05:42:36','2000-07-09 06:38:26'),(29,90,6,'Soluta dolorem a ad sapiente ex nobis voluptatum. Et omnis vel ea ut blanditiis. Eligendi optio repellendus excepturi.',0,1,'1999-08-15 00:19:04','1983-06-04 12:21:13'),(30,77,16,'Et hic molestias qui perspiciatis rerum harum. Veritatis est quis explicabo modi. Omnis praesentium numquam tempora deleniti omnis unde cumque omnis.',0,1,'1970-03-16 16:22:46','2010-06-20 07:45:15'),(31,79,22,'Quibusdam exercitationem eum ut et temporibus et ut. Molestiae voluptatem quis cum ullam odit libero in odit. Occaecati doloremque eligendi qui ea.',0,0,'1995-02-18 02:04:45','2002-01-06 21:50:25'),(32,97,98,'Quasi exercitationem rerum nostrum est. Reiciendis fuga beatae quisquam quia.',1,0,'1983-12-05 15:54:47','1995-08-24 20:03:08'),(33,13,82,'Et alias illum error quae nisi architecto. Sint ipsum aut iste dolores nam. Illo aut repellat impedit ea voluptate commodi deleniti est.',1,0,'1975-07-01 22:26:00','2008-08-07 03:52:29'),(34,96,80,'Id et et eaque est dolores qui voluptatem. Est esse unde quod laboriosam voluptatem. Laudantium ullam excepturi est in maxime quam molestiae esse.',1,1,'1986-10-30 19:42:58','1998-01-27 22:56:37'),(35,88,94,'Aliquid possimus illo pariatur quia architecto ratione. Alias enim adipisci fuga voluptatem. Earum numquam nihil neque.',0,0,'1993-06-08 17:35:52','1981-03-14 12:04:21'),(36,84,73,'Explicabo non aut rem consequatur sit laboriosam. Autem ut inventore sequi. Ad quae corrupti voluptatem numquam quidem cumque consequatur. Ut asperiores rerum minus.',1,0,'1998-09-03 16:37:12','1970-12-02 11:45:17'),(37,73,63,'Rerum hic consequatur iure facilis. Dolor atque nemo et enim. Quam consequatur consequatur quasi repudiandae suscipit.',1,1,'2005-02-14 15:25:11','2010-01-14 17:20:10'),(38,73,31,'Qui harum nesciunt sit non accusantium. Est voluptate enim dolorem et commodi harum excepturi. Magni sunt asperiores ut enim.',0,0,'1989-06-29 15:05:00','1993-08-28 22:55:39'),(39,89,70,'Labore amet ex labore qui aut consequatur. Ea labore explicabo fuga et qui. Fugiat veritatis eos natus vel est nihil quia.',1,1,'1976-09-04 13:20:55','2001-09-30 17:36:41'),(40,57,99,'Delectus qui sit rerum autem necessitatibus quibusdam. Eum dolorem est dolore quis provident. Earum dolorem omnis nemo officiis vitae et excepturi. Fuga atque vitae repellendus at nostrum.',1,1,'1983-12-27 04:53:44','1989-10-06 00:22:21'),(41,65,71,'Dolor illo animi recusandae tempore. Unde labore neque ut quam voluptatem repellat eius. Officiis doloremque voluptas aut. Fugiat voluptatem mollitia sapiente vero qui ipsum.',0,0,'1980-12-03 20:41:02','2006-04-09 06:24:27'),(42,93,2,'Qui neque qui ea blanditiis illum quia. Voluptatem recusandae ex vel. Autem iusto recusandae neque dolor aliquam omnis. Distinctio sit vel ex in itaque magnam ea.',0,0,'2020-04-04 13:01:51','2003-08-05 00:20:25'),(43,12,70,'Error numquam tenetur consequatur tempora rerum reiciendis earum. Quia ut quam inventore reprehenderit. Eligendi corrupti blanditiis mollitia quis.',1,0,'1987-01-21 18:03:21','1987-12-14 10:20:32'),(44,83,2,'Quia eligendi nobis et eius alias ut. Ipsa odit possimus sint eum. Quis repellendus consequatur quae est. Soluta aut ducimus et.',0,0,'2020-08-13 12:24:52','2016-12-16 10:33:36'),(45,76,60,'Dicta dolor ex incidunt. Nemo eligendi eveniet non culpa. Repudiandae quo nemo sunt eum repellendus.',1,0,'2007-03-21 20:48:29','2007-04-20 12:20:53'),(46,18,54,'Et optio quia amet eaque nulla. Quia omnis temporibus velit labore. Qui corrupti et quod et. Ullam necessitatibus sint excepturi voluptas est.',0,1,'1971-04-24 20:41:49','2012-06-20 12:15:00'),(47,81,14,'Quia ipsam nobis qui asperiores labore dolorem autem ut. Dicta accusamus laboriosam laborum omnis aliquid. Minus illo impedit qui. Voluptatem illum in sit nobis ex nihil.',1,1,'2013-06-26 14:29:28','2021-02-24 20:41:06'),(48,52,94,'Est aut necessitatibus ipsa non et vero est. Eveniet qui eos facere.',1,1,'1981-11-18 13:36:19','2007-04-14 11:38:09'),(49,96,47,'Voluptas nam consequatur et dolor. Voluptatem dignissimos quia fuga sequi. Asperiores vitae adipisci veniam illo et nulla.',1,0,'2014-03-07 04:15:36','1975-11-24 14:31:17'),(50,74,84,'Rerum blanditiis asperiores repellendus expedita. Sequi eum pariatur quibusdam omnis sequi. Cupiditate minima vero ut pariatur excepturi iste et.',1,1,'1983-01-11 13:16:14','2012-07-06 07:48:31'),(51,41,57,'Omnis adipisci quae quaerat asperiores. Quam repellat tenetur sapiente numquam sit aperiam nobis. Culpa voluptatem dignissimos eius tenetur necessitatibus mollitia.',1,1,'2013-04-30 11:12:10','1979-08-12 17:13:41'),(52,56,13,'Maxime nihil architecto voluptate optio laudantium. Dolorum sint asperiores voluptas. Dolorem ut quis voluptatem excepturi sed qui minus.',0,1,'2016-09-08 09:58:37','1984-09-02 18:38:01'),(53,19,29,'Omnis nam perspiciatis quos ut doloribus et libero. Optio nulla harum labore ipsum officiis. Quia inventore voluptas eos mollitia. Modi sed animi quis et.',1,1,'2020-11-24 21:21:31','1986-12-24 07:02:34'),(54,43,8,'Repellat rerum illo optio repellat architecto nostrum quia nam. Distinctio asperiores facere explicabo dolore unde iusto. Doloribus omnis libero voluptatibus. Earum qui alias quidem consectetur.',0,0,'1977-11-06 02:48:08','1981-08-07 13:02:51'),(55,98,100,'Et dignissimos a minus totam sed neque unde. Minima in ex qui nisi. Est est aut et minus.',1,0,'1996-11-30 03:18:03','1994-03-24 19:27:37'),(56,7,63,'Perspiciatis delectus sed quasi mollitia itaque. Numquam quia voluptas quod consequuntur sunt iusto. At minus rerum labore esse quaerat.',1,0,'1976-11-08 18:33:26','2011-06-30 10:57:27'),(57,71,99,'Error nesciunt at est rerum impedit. Occaecati ratione voluptatibus porro accusamus non. Adipisci ut exercitationem nobis eaque ad soluta.',1,1,'1973-12-14 16:49:55','2006-04-09 17:20:40'),(58,64,82,'Accusamus laudantium deserunt nesciunt et iusto rerum. Delectus esse quasi consequatur sit. Fuga optio magnam ipsa sint qui molestiae labore. Dolorem veniam asperiores natus rerum quis consequatur ut.',1,1,'1980-07-18 04:00:20','2002-12-09 17:00:37'),(59,68,47,'Fugiat nisi quibusdam sit dolorem. Qui aliquam pariatur odit minima sint. Architecto voluptas repudiandae nisi animi natus rerum.',0,0,'1977-12-30 18:26:42','1972-10-19 18:39:14'),(60,84,44,'Quam unde eaque maxime maxime iste commodi. Veniam at laborum quia sequi dolor sequi.',1,0,'1989-10-19 02:04:14','1995-05-11 14:29:36'),(61,6,1,'Facilis corporis quia nihil qui. Voluptatem quod autem libero. Perferendis consectetur et ratione dolor sequi eos cupiditate.',0,0,'2005-02-22 02:28:24','1977-04-11 17:35:26'),(62,97,87,'Modi cum dicta rem. Aspernatur aut quis numquam amet et corrupti suscipit. Sunt totam nobis fuga ut quis voluptatem. Voluptatem voluptatem quas inventore suscipit aspernatur corrupti facilis.',0,0,'2013-01-01 21:52:47','2013-07-08 04:52:36'),(63,14,49,'Deserunt dolore amet vel. Recusandae debitis in dolor. Explicabo impedit molestiae perferendis odio unde. Saepe consequatur magnam repudiandae minus est nisi.',1,1,'1982-02-08 21:45:35','1988-11-11 01:07:42'),(64,80,9,'Enim sint deserunt deserunt delectus maiores. Voluptatem fuga sint magnam occaecati. Omnis non est cumque dolorem vel praesentium.',0,0,'1999-01-26 17:47:30','1981-02-10 18:03:04'),(65,96,53,'Quia dolorem repellat amet et corporis ea. Quidem id qui tenetur debitis excepturi nesciunt. Sed nulla facere reiciendis totam repudiandae veniam et rem.',0,0,'2007-01-01 05:26:09','1998-04-02 07:18:55'),(66,93,36,'Ea nemo voluptas culpa quia illo est harum. Totam ut voluptates ex iure qui a.',0,0,'1999-04-13 21:27:59','1971-07-31 08:48:04'),(67,10,48,'Ab delectus consequuntur minus ut nostrum. Deleniti libero et voluptas. Cumque deleniti labore occaecati similique et occaecati. Omnis omnis ex ut ipsa. Impedit enim consequuntur sed consequatur eaque quaerat.',1,0,'2012-03-20 08:05:48','2000-07-12 06:41:29'),(68,48,29,'Commodi non ut ut non aspernatur. Quas dolorem harum a ut nulla nisi nesciunt.',1,0,'1998-01-09 12:54:40','2005-03-09 16:47:06'),(69,77,91,'Dolor soluta quo quo aperiam necessitatibus. Nemo voluptate exercitationem rem perspiciatis ut dolores. Molestiae omnis error impedit qui reiciendis rerum.',0,0,'1995-06-10 22:55:34','2001-11-27 19:44:10'),(70,36,74,'Incidunt quis ut sapiente amet maxime. In iste sed vel occaecati explicabo voluptatem. Debitis hic id autem totam.',1,1,'2003-07-23 12:21:48','2010-02-25 11:14:47'),(71,90,42,'Sequi consequatur iure consequatur. Minus dolor quam dignissimos eaque. Quis est iste dignissimos unde. Recusandae et qui et quos facere at voluptates.',0,1,'2013-03-30 22:19:51','2013-03-08 00:02:15'),(72,36,61,'Nesciunt animi et qui nobis quaerat. Eaque commodi dolorem aut laborum fugit delectus nam aliquid. Cum eos odit laudantium qui beatae explicabo eius. Et in quasi est ullam sequi laboriosam.',1,0,'1972-01-19 08:27:07','2009-06-10 00:15:32'),(73,41,100,'Alias dolor harum vero quas voluptatem. Veritatis culpa ea laboriosam fuga voluptas. Sunt earum quod quos et doloremque fugiat dolorem.',1,0,'1973-03-03 14:30:14','2001-12-06 17:39:52'),(74,42,9,'Iusto nesciunt culpa mollitia expedita illo eius debitis omnis. Ut sunt rerum nostrum vel maiores. Ratione illum sed architecto vel eum consequuntur.',0,0,'1985-03-08 19:52:30','1973-09-22 23:49:53'),(75,46,26,'Placeat officiis ullam velit voluptatem similique officia. Ea nihil voluptatum qui reiciendis. Sed quia vel ea dolores. Doloremque aut et sed occaecati dolorem repellendus molestiae.',0,0,'2014-08-03 09:14:07','1982-05-09 19:53:29'),(76,52,51,'Est aut voluptatem culpa. Maxime magnam exercitationem sed dolores et omnis excepturi quis. Nemo tempore sequi nisi molestiae. Qui exercitationem qui temporibus fuga corrupti harum.',0,1,'2003-02-16 06:14:55','2002-03-12 21:15:41'),(77,26,49,'Porro laborum provident voluptatem sed optio quibusdam voluptas. Sed quia qui et quaerat provident at quisquam.',0,0,'1993-03-08 07:54:52','2013-08-21 08:24:47'),(78,38,40,'Dignissimos atque est amet inventore exercitationem quo corrupti. Non id nobis est ipsam quis ipsum aut. Perferendis et rerum suscipit praesentium est asperiores.',0,0,'1998-05-21 01:17:14','1978-01-01 08:56:26'),(79,97,17,'Omnis cupiditate alias voluptatem reprehenderit est suscipit. Possimus dolore qui doloribus labore facere.',0,1,'2007-09-27 15:32:06','2019-03-18 00:30:17'),(80,49,93,'Rerum vel quia quia hic aliquid id odio consequatur. Nihil quia voluptatibus natus suscipit quisquam. Enim mollitia eligendi eius deserunt quae.',0,0,'2013-03-12 17:38:01','2000-07-24 03:15:19'),(81,70,41,'Corporis odio temporibus occaecati eius dolorum iste provident. Consequatur maiores reprehenderit deserunt magni reiciendis. Aut est facilis iure nam eius iste suscipit.',1,0,'1979-08-01 01:25:37','2014-11-04 15:27:50'),(82,28,80,'Eos omnis incidunt doloremque consequuntur voluptate. Totam tempore voluptatem voluptatem animi. Aperiam excepturi quaerat id doloribus quia. Doloribus similique enim iure iste iste ut cum.',1,0,'2002-11-12 04:11:53','1972-06-01 07:20:28'),(83,89,76,'Excepturi molestiae odio facilis quisquam maxime sit suscipit. In voluptas ullam inventore expedita. Perspiciatis in reiciendis molestiae iste molestias quod adipisci ipsum. Quia numquam cum ipsa aut.',1,0,'2003-11-28 12:15:59','2000-09-15 11:55:26'),(84,8,65,'Pariatur repellendus ut quisquam quibusdam. Est a ut ex ut repellendus. Nihil et voluptate ut modi commodi quasi sunt. Quis ea totam ut ab.',0,1,'2009-01-19 00:30:54','1994-07-15 22:18:39'),(85,66,44,'Incidunt minus inventore et repellat ut omnis rerum. Sit quia ipsum vel labore quisquam voluptatem facilis. Eos necessitatibus dolorem tempore quos commodi aut.',1,1,'2005-05-22 21:57:07','1989-12-25 15:44:20'),(86,38,56,'Doloribus rem aperiam sit nemo recusandae atque minus doloribus. Fuga ab consequuntur totam rerum. Quibusdam ipsum ad id distinctio amet et est. Consequatur fuga voluptatum consequatur cumque. Amet aperiam in sed consequatur delectus atque dolore.',1,1,'1997-02-12 02:14:40','1984-11-23 15:12:55'),(87,86,74,'Non soluta qui non est magni ex. Sit nihil animi et et dolor. Quis iure saepe esse architecto omnis.',1,1,'1997-08-07 09:10:05','1995-01-28 22:22:25'),(88,16,26,'Suscipit dolor iure et perferendis hic molestias recusandae. Error quo aut ea eligendi hic alias molestiae. Quo nesciunt vel voluptatem exercitationem. Neque et ipsam debitis voluptas accusantium provident.',1,1,'2003-11-04 16:27:26','1972-10-20 07:08:43'),(89,73,58,'Harum aspernatur et voluptatum ex. Consequatur tenetur sint reiciendis necessitatibus. Doloribus ut aliquam maiores velit est.',0,0,'1981-01-09 03:30:49','2002-11-20 04:43:17'),(90,34,18,'Autem odio atque velit est quia reiciendis et. Corporis quia consequuntur rem facere mollitia et. Ut quidem iste beatae omnis. Officiis laborum et dolorem qui explicabo.',1,1,'1994-01-14 23:36:37','1985-06-10 06:03:57'),(91,83,86,'Veniam unde et voluptas eos recusandae. Unde excepturi fugiat non et minima dignissimos. Et dolorum consequuntur eum et fuga. Quod omnis neque facilis maiores. Autem dolores et dignissimos labore blanditiis nam magni non.',1,1,'2007-09-01 09:48:47','1997-10-29 14:51:58'),(92,69,9,'Pariatur mollitia qui ea delectus. Quaerat ratione sint quaerat aut provident sunt ipsum nam. Id placeat veniam totam consequuntur. Qui quia est voluptatum eum.',0,0,'1977-09-18 17:00:27','2007-07-28 13:33:21'),(93,34,6,'Qui tempore laboriosam quia vel officiis repellat. Sunt asperiores nulla est minus commodi natus. Sed doloribus illum mollitia deserunt necessitatibus quia quam et. Ratione error quia quaerat sunt ut eveniet.',0,1,'2002-01-03 22:58:51','1980-12-04 06:25:33'),(94,48,31,'Ex fugiat recusandae vel voluptatem numquam ipsam. Culpa voluptas quod aut ea. Itaque id illo voluptates itaque est enim. Ea nihil repudiandae ex et corrupti quaerat.',1,1,'2014-08-08 07:07:22','1994-12-16 01:24:17'),(95,23,96,'Voluptas dignissimos tempore perferendis. Recusandae voluptatibus sit omnis est esse. Cumque similique praesentium ut consequatur iste quod aut.',0,0,'2017-11-11 23:07:25','1976-03-10 21:32:53'),(96,23,93,'Eveniet optio libero omnis voluptatum. Et quas et nihil ut tempora et officiis. Nisi aut harum autem numquam eveniet harum.',1,1,'2010-12-14 09:42:04','2009-04-12 08:43:40'),(97,36,50,'In dolorum porro voluptas fugit fuga deserunt excepturi ratione. Neque soluta facere aut consequatur voluptas sit.',0,0,'1987-06-17 08:39:45','2019-08-13 04:02:15'),(98,72,24,'Voluptas impedit eum eaque aut unde. Saepe vel est voluptatum est exercitationem soluta voluptate. Suscipit et inventore necessitatibus et. Molestias in aut sit facilis.',0,0,'1977-10-07 21:17:04','2017-12-10 03:58:38'),(99,26,80,'Quo sit ad ipsum quis maiores fugit dolore. Deleniti laudantium optio aut enim sed quia et. In sapiente possimus iusto natus et eum vel.',0,1,'1994-08-28 12:29:05','2012-06-18 08:44:05'),(100,88,91,'Eius ratione enim quisquam aut quia. Natus quis et et ut. Dolor nihil sequi qui occaecati provident. Aut voluptatem iure dolor eaque suscipit sed numquam.',1,1,'1978-10-18 10:15:55','1989-03-02 01:09:27');
/*!40000 ALTER TABLE `messages` ENABLE KEYS */;
UNLOCK TABLES;

--
-- Table structure for table `profiles`
--

DROP TABLE IF EXISTS `profiles`;
/*!40101 SET @saved_cs_client     = @@character_set_client */;
/*!50503 SET character_set_client = utf8mb4 */;
CREATE TABLE `profiles` (
  `user_id` int unsigned NOT NULL COMMENT 'Ссылка на пользователя',
  `gender` char(1) CHARACTER SET utf8mb4 COLLATE utf8mb4_unicode_ci NOT NULL COMMENT 'Пол',
  `birthday` date DEFAULT NULL COMMENT 'Дата рождения',
  `photo_id` int unsigned DEFAULT NULL COMMENT 'Ссылка на основную фотографию пользователя',
  `status` varchar(30) CHARACTER SET utf8mb4 COLLATE utf8mb4_unicode_ci DEFAULT NULL COMMENT 'Текущий статус',
  `city` varchar(130) CHARACTER SET utf8mb4 COLLATE utf8mb4_unicode_ci DEFAULT NULL COMMENT 'Город проживания',
  `country` varchar(130) CHARACTER SET utf8mb4 COLLATE utf8mb4_unicode_ci DEFAULT NULL COMMENT 'Страна проживания',
  `created_at` datetime DEFAULT CURRENT_TIMESTAMP COMMENT 'Время создания строки',
  `updated_at` datetime DEFAULT CURRENT_TIMESTAMP ON UPDATE CURRENT_TIMESTAMP COMMENT 'Время обновления строки',
  PRIMARY KEY (`user_id`)
) ENGINE=InnoDB DEFAULT CHARSET=utf8mb4 COLLATE=utf8mb4_unicode_ci COMMENT='Профили';
/*!40101 SET character_set_client = @saved_cs_client */;

--
-- Dumping data for table `profiles`
--

LOCK TABLES `profiles` WRITE;
/*!40000 ALTER TABLE `profiles` DISABLE KEYS */;
INSERT INTO `profiles` VALUES (1,'w','2004-03-15',278,'Aliquam eaque laudantium volup','Port Ahmadport','876912','2019-07-31 12:22:00','1992-07-01 06:25:25'),(2,'m','1999-07-25',223,'Quia amet rerum porro. Ad quo ','Conroystad','8','2007-12-25 11:26:34','1975-03-22 11:37:59'),(3,'w','1978-02-06',270,'Saepe ut sed odit maxime et. F','New Lazaro','40','1991-11-20 07:43:30','2005-09-04 13:38:42'),(4,'w','1988-11-17',239,'Nihil incidunt molestias aut i','South Judeville','8226','2002-10-03 03:48:00','2019-06-23 15:30:55'),(5,'w','1981-12-18',224,'Dolor omnis fugit qui. Rerum a','North Aliza','67','1984-08-25 07:34:38','2008-10-04 01:58:29'),(6,'w','2020-01-25',209,'Rem laborum inventore consecte','Lockmantown','45821838','2018-02-16 05:24:54','2006-09-03 05:04:53'),(7,'w','1970-12-30',290,'Fugiat iusto ratione nulla. Ne','Port Alek','481676','1984-04-05 13:36:14','1996-05-09 22:31:56'),(8,'m','1978-02-09',212,'Quidem occaecati aliquam esse ','Lake Giovannifort','2867','1981-04-19 21:23:20','2009-03-29 01:07:13'),(9,'m','1971-08-22',209,'Accusantium ut sint repellendu','West Herthaburgh','9459','1978-07-31 11:49:08','1986-08-22 04:32:35'),(10,'w','2011-09-08',283,'Dolorum quam labore vero sit t','South Baron','8','1980-02-03 11:26:23','1971-01-06 22:59:40'),(11,'w','2018-04-02',226,'Laborum beatae quae soluta arc','Jacobsonbury','72970637','2006-04-28 05:39:44','2020-06-28 10:54:03'),(12,'m','2001-02-17',295,'Id sunt qui aliquam deleniti. ','Gislasonfort','','1970-03-31 14:10:00','1981-09-18 09:39:28'),(13,'m','2020-10-01',225,'Vel odit reiciendis unde eveni','Lake Joe','170990','2017-01-29 11:17:05','1993-11-07 16:41:46'),(14,'m','2010-08-07',277,'Aperiam voluptas dolorem eius ','Ozellamouth','690','1997-08-05 23:33:04','1975-02-27 19:35:13'),(15,'w','2006-09-21',252,'Ab laudantium dignissimos expe','Haleyberg','801','2012-05-28 16:41:43','1985-08-03 05:23:32'),(16,'w','1981-02-08',250,'Ut tempora qui et qui quam ut ','Ortizfurt','50158','2019-11-25 07:21:30','1971-06-22 10:31:08'),(17,'w','1982-02-09',221,'Consequatur laboriosam aut err','Ortizmouth','682','2018-04-05 13:36:12','2017-05-21 06:43:42'),(18,'w','2016-03-24',224,'Reprehenderit quia assumenda f','Port Vadaport','4','1985-06-07 01:06:19','1971-02-16 01:21:49'),(19,'w','2010-03-31',281,'Rerum id ut aspernatur vero li','Lake Astridberg','85','2020-03-23 08:51:07','1971-11-22 04:40:24'),(20,'m','1984-06-21',297,'Neque qui harum velit eligendi','South Erika','694926','1997-06-04 15:00:25','2008-11-09 16:34:34'),(21,'w','2018-05-22',268,'Rerum dicta neque adipisci ips','West Garretfurt','3678969','2017-01-17 03:45:47','1997-04-15 02:24:22'),(22,'m','1998-01-25',235,'Temporibus doloribus rem debit','Oriemouth','8043','1985-06-17 06:36:53','1978-09-30 16:29:55'),(23,'w','1972-10-06',243,'Reprehenderit quaerat sed mole','Ceceliafurt','1533076','1997-10-06 23:09:54','2004-05-29 05:16:58'),(24,'w','1981-02-28',230,'Eum accusantium ducimus perfer','Jastburgh','20228916','1979-09-08 06:10:43','2007-06-13 05:05:30'),(25,'m','1976-04-20',281,'Facere atque omnis inventore n','Roycebury','24605469','1987-08-30 01:59:42','1972-07-21 22:23:36'),(26,'m','2003-07-13',224,'Maxime magni suscipit deleniti','East Alaina','65','1996-06-15 08:12:15','2011-10-17 04:30:43'),(27,'m','2015-02-26',272,'Et voluptas fugit adipisci bla','West Alvaview','','2005-08-29 05:12:05','1974-06-16 07:04:13'),(28,'m','1977-12-10',275,'Aut magnam aspernatur inventor','Emardport','95','2000-02-12 20:35:46','1993-11-03 23:19:12'),(29,'w','1978-06-19',284,'Sunt sit culpa nihil repellat.','West Fausto','106633540','2000-06-29 14:28:35','1988-06-28 18:49:30'),(30,'w','2009-10-27',235,'Impedit cupiditate laborum cum','Kesslerville','92589','2006-06-09 03:56:43','1977-09-27 22:08:44'),(31,'w','1973-07-06',206,'Vero voluptate nesciunt ea vol','South Maynard','563255527','2002-03-16 14:49:20','2021-02-23 12:16:10'),(32,'m','1995-10-05',275,'Est quis quisquam ipsam perspi','West Drew','6008','1998-07-30 19:47:28','1976-07-22 12:21:55'),(33,'m','2014-04-06',275,'Iure esse nam molestias nesciu','Cameronmouth','7393594','1983-02-27 18:56:48','2012-02-27 07:30:06'),(34,'w','1982-03-30',228,'Omnis odit maxime voluptas arc','Haagville','54651','1999-10-04 23:33:52','2003-01-23 08:24:11'),(35,'m','1980-04-27',213,'Voluptas esse velit sed quaera','Jamelville','5398','2016-01-14 10:10:17','1985-04-11 15:01:16'),(36,'m','2011-10-30',200,'Occaecati fugit laboriosam ius','Port Jerrell','78','1972-10-25 23:41:21','1989-06-13 17:15:48'),(37,'w','2014-06-10',254,'Minima ex repudiandae dolorum ','Gerlachmouth','55113829','1980-07-14 04:10:59','1998-09-08 15:31:06'),(38,'m','2000-06-27',244,'Ipsum ullam et voluptatibus vo','Giovannimouth','','2003-09-26 00:50:15','1975-11-17 04:58:22'),(39,'w','2014-12-29',210,'Quia atque facilis sit dolorem','South Garretland','2556','2020-12-07 16:55:28','1972-07-12 09:15:07'),(40,'w','1975-01-22',255,'Dolores aliquam qui enim alias','North Jazminshire','9742902','1983-11-14 07:07:44','1992-12-05 22:04:38'),(41,'w','1985-07-07',286,'Accusamus mollitia tempora fug','Rippintown','1','1988-12-30 17:52:19','1980-07-15 13:54:29'),(42,'w','1991-09-24',295,'Ullam explicabo aperiam et por','South Marquise','6121554','1995-05-16 02:26:33','2019-04-16 18:04:14'),(43,'m','2005-04-19',296,'Reprehenderit est corporis est','Port Herta','17565','1971-03-26 17:55:41','1995-10-10 14:40:49'),(44,'m','1978-11-08',242,'Qui ut debitis enim sapiente. ','New Hardyville','','2004-04-25 03:26:08','2005-04-20 17:38:48'),(45,'w','2017-06-19',267,'Asperiores atque officiis et n','Noemiland','57','2011-11-22 12:05:43','2007-01-06 13:50:06'),(46,'m','1978-08-08',219,'Eum corrupti dignissimos qui e','Port Heaven','406919','2018-02-01 19:09:46','1987-05-08 23:38:06'),(47,'m','2019-10-28',222,'Eveniet beatae quis atque sapi','Yundtton','7650875','2001-07-07 03:15:30','1989-07-28 05:45:27'),(48,'m','1994-09-13',230,'In nesciunt dolorem ea unde de','South Tressie','798004','1995-05-29 22:27:11','1974-04-28 17:20:41'),(49,'w','1986-02-03',250,'Tempora et dolor sed at atque ','Aracelyfort','','2002-10-18 14:10:11','2017-11-09 10:37:45'),(50,'w','2006-01-26',271,'Dolores aut explicabo cumque e','New Jenaburgh','54','2014-05-21 21:27:57','1981-12-31 06:40:22'),(51,'w','1994-04-03',275,'Laborum perspiciatis cumque vo','Coletown','315236997','1997-06-29 04:52:58','1979-04-13 22:22:15'),(52,'m','1975-07-16',202,'Provident ut nihil eligendi ne','Timmothyberg','62711095','2020-03-06 10:13:26','1989-04-18 08:15:35'),(53,'w','1971-08-23',284,'Sint ab enim ipsa qui. Perfere','North Willmouth','6002','1980-10-09 07:13:38','2006-12-25 14:10:35'),(54,'w','2013-07-09',226,'Incidunt fugit cumque iste est','South Floyd','97034','2017-06-17 06:16:46','2015-06-22 08:05:56'),(55,'m','2002-09-23',216,'Culpa molestiae quisquam adipi','Runolfsdottirland','51363563','2016-02-15 19:59:29','1995-05-20 20:00:34'),(56,'m','1973-09-03',281,'Aut nemo pariatur omnis. Sed d','Port Godfrey','','2001-10-21 04:30:45','2004-07-12 15:24:25'),(57,'w','1980-08-24',244,'Omnis quis voluptas sunt repel','Haroldside','7166900','2007-12-10 19:28:38','1983-12-05 12:13:52'),(58,'m','1975-07-25',273,'Dignissimos impedit laudantium','East Rahsaan','41','1998-02-26 15:31:17','2017-12-20 06:30:15'),(59,'m','1991-09-09',271,'Culpa voluptas totam velit. Ni','Noahfurt','155219380','1981-01-02 07:20:35','1977-01-04 10:21:55'),(60,'m','1982-01-02',245,'Quos iusto magnam qui omnis. A','South Estellafort','5997053','2020-12-21 10:44:32','2005-01-22 17:34:24'),(61,'m','2003-03-07',296,'Est dolor sed corporis vero mo','Hansshire','2612','2015-09-04 16:31:07','1986-02-05 16:00:18'),(62,'m','2010-10-15',203,'Iure corporis esse consequatur','West Betty','719356','2013-10-05 14:38:27','2004-12-08 12:17:13'),(63,'m','2017-04-16',276,'Exercitationem saepe ex deleni','Stiedemannmouth','93510','2009-07-31 22:28:27','1985-11-24 20:47:30'),(64,'w','1973-04-16',216,'Et est sed quas possimus. Ab a','West Mikaylachester','','1988-08-03 06:08:07','1988-11-16 23:39:32'),(65,'m','1996-04-14',298,'Consequatur delectus et sint q','East Gerardfort','85754','1978-12-15 19:21:46','2017-02-04 21:26:59'),(66,'w','1982-09-14',272,'Autem doloremque velit cupidit','Tabithaview','3840','2002-12-06 00:43:38','2011-06-12 01:48:32'),(67,'m','1992-07-13',231,'Non quod cum et explicabo ad o','Abshiremouth','311868','1981-12-15 08:31:37','1980-02-19 06:19:50'),(68,'m','2015-06-24',261,'Aut quam excepturi aperiam ut.','South Gracie','548572040','2015-02-20 15:53:13','2012-03-11 19:51:30'),(69,'w','2001-01-26',211,'Ipsum est beatae aut neque ass','Port Jasperfort','64552','1982-03-14 01:50:40','2005-01-07 17:43:07'),(70,'w','1990-01-25',270,'Mollitia architecto ex qui. Qu','Breitenbergton','368669067','2019-05-11 10:34:15','2005-02-15 01:49:46'),(71,'m','2013-09-04',232,'Impedit enim sunt sunt volupta','South Maci','9','1977-04-02 18:04:41','1977-02-17 16:33:34'),(72,'w','2004-01-03',213,'Repellendus consequatur facere','North Mireyashire','790779178','1997-12-16 14:05:15','2020-05-13 22:17:18'),(73,'w','2007-05-31',242,'Placeat labore atque et quidem','Rebaside','528549725','2008-09-20 10:22:03','1970-06-13 02:31:44'),(74,'w','1986-08-12',291,'Delectus aut commodi et eos fu','New Earnestinemouth','748','1989-11-30 16:54:14','2012-03-29 11:51:00'),(75,'m','2001-01-09',266,'Exercitationem quis ea nihil r','Rowenaton','9811865','2007-08-29 11:49:10','2018-06-22 16:16:07'),(76,'w','1985-10-24',228,'Mollitia veniam nemo est cupid','Port Macey','9266870','1984-06-10 04:26:14','2007-01-09 18:15:18'),(77,'m','1978-04-13',234,'Dolores modi beatae aut debiti','Margotland','51280682','1999-05-22 07:29:40','2004-04-05 20:35:59'),(78,'w','1985-05-27',264,'Et excepturi ut sint reprehend','North Kacie','23881','1980-07-06 02:16:40','1985-02-12 08:05:36'),(79,'m','2006-12-18',255,'Ut mollitia sit quam. Sit eius','Effertzburgh','5298','2018-12-08 20:40:11','2005-11-21 12:34:10'),(80,'w','1982-03-02',256,'Et at quo labore soluta quia l','New Simeonshire','18','1996-06-24 05:16:20','2016-02-19 22:16:03'),(81,'w','1992-03-30',259,'Eum consequatur sint reiciendi','Alenebury','981342','1972-06-07 07:49:31','2010-06-21 08:15:39'),(82,'m','1986-07-02',278,'Perferendis quia aut ipsum duc','West Shad','734490495','2004-01-04 12:45:23','1994-01-29 15:13:06'),(83,'m','1991-02-16',202,'Tempora alias quia rerum dicta','Ziemeview','3041565','2018-07-06 00:56:18','2020-12-11 00:05:04'),(84,'w','1999-08-17',264,'Soluta illum laudantium incidu','South Sadieside','957','1985-03-21 03:36:02','2006-05-18 07:49:38'),(85,'m','2008-04-24',258,'A ab laudantium dolorem offici','Port Lucio','2582','2005-08-20 08:22:01','1996-04-15 11:50:33'),(86,'m','1999-03-01',281,'Facilis pariatur rerum aut ass','Kovacekton','','2002-10-02 23:08:53','1980-12-28 00:22:31'),(87,'w','1999-03-06',267,'Cum quos a numquam enim. Repel','Port Myrtie','6','1998-09-09 12:13:03','2003-03-13 05:35:06'),(88,'m','1994-05-21',269,'Rem qui laborum quo ex tempora','Lake Freedastad','5','2010-08-17 07:56:49','1995-03-02 13:30:17'),(89,'w','1984-02-15',282,'Sunt qui perspiciatis quo omni','West Kellenfurt','2796104','1986-10-01 05:07:13','1975-07-18 02:22:25'),(90,'w','2020-08-17',201,'Aut repellendus eum eligendi n','Kuvalisberg','25917112','2007-08-28 14:09:00','1986-03-31 17:11:41'),(91,'m','1998-08-31',292,'Voluptatem voluptates maxime v','Port Guidoshire','1484','1980-03-11 16:42:17','2001-03-02 18:21:14'),(92,'m','2010-04-06',257,'Culpa dolorem molestias occaec','New Jakayla','82','2000-09-27 20:47:05','2017-03-17 03:22:28'),(93,'m','2014-01-29',216,'Praesentium molestiae dolores ','Petemouth','938598','2014-07-08 11:19:08','2007-02-20 23:46:45'),(94,'w','2018-07-22',203,'Natus unde assumenda voluptas ','Lake Winonastad','','1996-01-21 13:22:02','2013-07-05 23:34:55'),(95,'w','1980-09-18',217,'Sed cum pariatur placeat eius.','Port Vivianeburgh','534917093','1977-04-10 18:33:24','1977-03-10 13:15:54'),(96,'w','2015-03-24',260,'Enim ipsa assumenda ullam qui ','Port Kayceemouth','','2019-06-30 01:46:33','2000-07-17 04:11:29'),(97,'w','1977-07-04',200,'Officiis quia quam doloremque ','Creminchester','','1971-04-19 08:17:19','2016-12-10 08:35:06'),(98,'m','1985-04-18',216,'Commodi corporis sit quia aper','Estevanburgh','','1993-11-09 07:18:17','1994-10-06 20:08:28'),(99,'w','2011-12-23',218,'Praesentium minima sed ut id m','Littlemouth','9426','1977-03-24 15:58:41','2001-09-09 20:47:14'),(100,'m','2000-09-09',241,'Consequuntur labore qui dolore','Greenholtton','8026735','1983-02-19 10:25:48','2011-03-29 21:14:09');
/*!40000 ALTER TABLE `profiles` ENABLE KEYS */;
UNLOCK TABLES;

--
-- Table structure for table `users`
--

DROP TABLE IF EXISTS `users`;
/*!40101 SET @saved_cs_client     = @@character_set_client */;
/*!50503 SET character_set_client = utf8mb4 */;
CREATE TABLE `users` (
  `id` int unsigned NOT NULL AUTO_INCREMENT COMMENT 'Идентификатор строки',
  `first_name` varchar(100) CHARACTER SET utf8mb4 COLLATE utf8mb4_unicode_ci NOT NULL COMMENT 'Имя пользователя',
  `last_name` varchar(100) CHARACTER SET utf8mb4 COLLATE utf8mb4_unicode_ci NOT NULL COMMENT 'Фамилия пользователя',
  `email` varchar(100) CHARACTER SET utf8mb4 COLLATE utf8mb4_unicode_ci NOT NULL COMMENT 'Почта',
  `phone` varchar(100) CHARACTER SET utf8mb4 COLLATE utf8mb4_unicode_ci NOT NULL COMMENT 'Телефон',
  `created_at` datetime DEFAULT CURRENT_TIMESTAMP COMMENT 'Время создания строки',
  `updated_at` datetime DEFAULT CURRENT_TIMESTAMP ON UPDATE CURRENT_TIMESTAMP COMMENT 'Время обновления строки',
  PRIMARY KEY (`id`),
  UNIQUE KEY `email` (`email`),
  UNIQUE KEY `phone` (`phone`)
) ENGINE=InnoDB AUTO_INCREMENT=101 DEFAULT CHARSET=utf8mb4 COLLATE=utf8mb4_unicode_ci COMMENT='Пользователи';
/*!40101 SET character_set_client = @saved_cs_client */;

--
-- Dumping data for table `users`
--

LOCK TABLES `users` WRITE;
/*!40000 ALTER TABLE `users` DISABLE KEYS */;
INSERT INTO `users` VALUES (1,'Mary','Conn','eklocko@example.org','1-730-343-2050','1986-02-05 15:08:28','1970-10-24 22:07:07'),(2,'Beatrice','Corkery','jaskolski.derick@example.com','768.634.2135x84845','1990-01-27 14:47:08','2017-11-11 19:23:08'),(3,'Myrtle','Brekke','leonardo76@example.org','389-946-1985x376','2002-09-23 14:26:19','1986-05-29 05:50:33'),(4,'Van','Kessler','strosin.jaeden@example.net','01891084905','1994-07-17 11:51:16','2002-06-20 20:10:13'),(5,'Julien','Bernier','gkub@example.net','1-333-908-1046x2767','1998-08-22 23:59:24','2005-02-01 07:04:03'),(6,'Tyson','Barton','garnet55@example.org','1-674-764-4792x612','2003-04-25 21:41:06','1987-10-30 13:29:26'),(7,'Lowell','Schuster','armstrong.raegan@example.com','(601)170-1569x4611','1993-11-27 04:00:29','1985-02-12 09:58:59'),(8,'Gina','Kozey','crystel94@example.net','08930123359','2007-05-12 20:44:08','2006-05-29 04:09:22'),(9,'Aaliyah','Steuber','ggibson@example.net','1-601-176-6015x828','1989-02-27 02:03:56','1978-02-21 12:39:29'),(10,'Boris','Wilderman','deja02@example.net','+24(0)0630374125','2016-04-04 00:28:59','2017-08-31 01:21:24'),(11,'Kayli','Bednar','hane.sofia@example.org','06710695461','1985-12-09 23:15:07','2019-04-15 19:30:42'),(12,'Emelie','Kozey','rnitzsche@example.com','(350)946-2714x5761','1979-10-16 00:49:39','1978-06-28 06:33:09'),(13,'Cristina','Walsh','elyse35@example.org','821.777.1566','2019-01-20 21:27:28','2004-12-30 21:06:48'),(14,'Ena','Zemlak','sarai03@example.org','470.489.2109x32715','1991-07-15 01:30:11','1980-02-12 18:11:02'),(15,'August','Renner','nathaniel94@example.net','894.575.1607','2017-02-03 06:35:11','1978-03-31 04:26:07'),(16,'Anya','Osinski','reilly.cheyenne@example.org','(764)883-5122x74203','1983-06-30 00:40:40','2007-01-18 03:39:37'),(17,'Katheryn','Kunze','wanda18@example.com','539-955-3825x3250','1997-06-03 01:28:28','2011-08-04 22:49:49'),(18,'Dovie','Thompson','lennie93@example.net','06518272215','1988-08-21 08:48:18','1988-04-08 04:55:44'),(19,'Vanessa','Jerde','bednar.etha@example.org','061-364-0326x601','1970-12-29 18:25:42','2002-11-10 14:19:40'),(20,'Adelia','Purdy','xfisher@example.com','543-621-8042','2007-12-17 07:25:44','1990-03-29 10:19:57'),(21,'Wilson','Wolf','hemmerich@example.com','1-263-951-0223','2008-10-11 20:54:52','1999-05-28 15:57:49'),(22,'Veda','Armstrong','kuhn.theresa@example.org','(154)173-6938x92495','2008-12-02 19:24:22','2013-10-27 20:55:02'),(23,'Vincent','Turcotte','skirlin@example.org','689-326-0362','1979-02-20 16:07:58','1971-06-21 22:34:35'),(24,'Angelo','Parisian','hintz.drew@example.com','015-343-1734','1970-02-09 09:08:44','1980-10-10 05:14:07'),(25,'Roxane','Schroeder','wisoky.ena@example.net','531-201-3178x153','1997-07-13 00:17:19','1979-07-28 16:40:02'),(26,'Percy','OKon','cpacocha@example.org','1-602-521-9537','2009-10-07 06:48:20','1991-11-15 00:05:56'),(27,'Ezekiel','Franecki','dooley.brannon@example.com','002.552.1474x21086','1980-02-27 04:38:05','1974-06-21 07:36:56'),(28,'Andreanne','McKenzie','gracie89@example.net','714-620-6327x60504','2010-02-07 09:32:42','1981-03-19 22:53:40'),(29,'Justus','Corkery','ima94@example.org','1-496-607-4525','1970-09-07 20:53:38','2020-04-16 19:52:04'),(30,'Barton','Schinner','brielle03@example.org','958-212-5000','2017-12-27 00:23:41','1974-01-04 20:37:31'),(31,'Garrison','Stroman','omer25@example.org','1-017-422-1658','2000-01-20 18:22:49','2005-10-10 08:31:32'),(32,'Dovie','Abernathy','lokon@example.com','1-292-394-8406','1998-03-27 23:57:00','1994-10-02 18:12:57'),(33,'Crystal','Considine','reba73@example.com','338-652-2986','1998-08-18 07:29:26','2008-09-21 21:11:57'),(34,'Lincoln','Wisozk','acummerata@example.com','605.201.0869x327','1987-09-23 22:51:46','1994-07-06 16:43:26'),(35,'Flossie','Bednar','walter.hansen@example.com','(018)451-2800','1975-05-25 03:20:50','2020-06-05 21:21:55'),(36,'Mathew','Watsica','llewellyn.tillman@example.com','(374)286-9050','2003-02-14 10:17:52','2004-08-09 22:06:15'),(37,'Vena','Wolff','spencer.kaitlin@example.net','783-535-0714x3653','2017-06-20 14:07:24','2010-04-23 22:27:47'),(38,'Devan','Denesik','dameon.wisoky@example.net','+32(3)4260400947','1973-03-03 22:52:33','2005-02-20 02:33:27'),(39,'Jeromy','Kuhlman','uhuel@example.net','938.490.2349x2265','1985-08-21 02:06:13','2016-07-19 16:33:21'),(40,'Ashlee','Luettgen','ron.abbott@example.net','882-734-5279','1982-11-24 08:33:29','2003-07-27 23:41:34'),(41,'Kobe','Cormier','anais18@example.com','(019)650-0235','1971-08-23 12:23:43','2009-11-20 15:16:12'),(42,'Coralie','Gutmann','bergnaum.francesco@example.net','005.438.4026x9336','1991-11-18 01:02:48','2001-07-15 01:09:43'),(43,'Orrin','Schultz','delfina.bergstrom@example.com','1-568-260-5107x5005','2015-09-06 07:32:19','2003-03-29 21:31:06'),(44,'Yoshiko','Torp','sbrakus@example.com','434-168-8801x96481','1996-09-12 21:30:50','2001-10-28 00:07:38'),(45,'Melvina','Weissnat','ukovacek@example.net','(793)545-8751x3575','2014-03-03 14:41:50','1979-09-27 23:01:38'),(46,'Laurie','Toy','jerrell42@example.net','838.887.7933x671','2014-04-25 19:40:43','1984-06-05 20:09:37'),(47,'Camila','Ward','stone52@example.net','1-793-256-4009','1979-02-26 02:33:55','2002-03-13 16:30:07'),(48,'Keshaun','Franecki','abby.weimann@example.com','221-953-6964x638','1980-05-09 13:05:33','2001-09-30 05:30:09'),(49,'Nannie','Klocko','reina91@example.org','1-722-686-7386x059','2019-08-22 03:55:43','1986-02-12 15:08:09'),(50,'Petra','Huels','emmy96@example.net','302.838.6038x15195','2000-03-21 16:56:23','1983-07-09 05:16:57'),(51,'Devyn','Lockman','iorn@example.com','+21(1)6752407352','1979-07-05 08:44:57','1977-11-06 06:24:34'),(52,'Paul','Franecki','jorge.zboncak@example.com','1-514-437-5402','1970-03-25 03:18:36','2005-09-20 00:11:24'),(53,'Ernestina','Connelly','janie.vonrueden@example.com','(195)651-5253x6955','2002-05-31 00:19:11','2006-09-08 15:23:30'),(54,'Corrine','Mante','fritsch.magnolia@example.com','(155)402-1308x06426','1995-09-08 14:23:19','2019-02-15 12:39:11'),(55,'Adrien','Johnston','fmcglynn@example.com','01973156322','2014-09-10 23:17:31','1998-05-13 11:31:40'),(56,'Marian','Lesch','treva.herzog@example.org','1-201-716-0107x1964','1981-04-06 00:38:04','2001-09-18 18:02:23'),(57,'Ardella','Jakubowski','elton76@example.org','+97(0)4132040163','1980-03-31 13:58:25','2021-01-09 12:16:40'),(58,'Jaunita','Jenkins','dmcglynn@example.net','760-627-4469','2004-02-20 15:37:16','1994-04-21 13:33:15'),(59,'Genesis','Hayes','priscilla25@example.org','378-616-1022','1990-10-19 01:53:23','1994-01-14 00:11:34'),(60,'Hiram','Adams','mosciski.rachael@example.org','(445)789-9493x021','2009-01-29 07:39:50','2000-04-16 13:53:14'),(61,'Retha','Marks','kuvalis.erika@example.com','1-818-301-6924x074','2020-02-22 10:48:11','2013-02-27 23:38:36'),(62,'Tiara','Walker','lavern.zemlak@example.com','400.742.2567x8710','2015-04-19 04:02:11','1982-02-13 12:32:43'),(63,'Darian','Pollich','skiles.henri@example.net','(126)538-8053x80348','1996-04-21 19:50:26','1975-10-15 13:19:48'),(64,'Hertha','Koch','lucie43@example.com','965.289.1314','2013-01-13 14:01:51','2003-06-08 21:10:02'),(65,'Llewellyn','Cruickshank','mitchell.gerald@example.net','1-618-747-4176x52344','1976-11-15 09:49:34','2019-07-13 04:00:42'),(66,'Juston','Vandervort','langworth.ezra@example.com','902-135-1591x80812','1970-03-15 17:55:46','1972-06-25 00:06:59'),(67,'Waylon','Jerde','rolfson.melyna@example.org','1-834-197-4662x632','1981-10-12 10:04:26','2012-07-25 04:40:09'),(68,'Elvie','Gottlieb','ludie.crooks@example.org','142-000-4313','2018-09-23 17:17:17','1986-06-01 13:39:25'),(69,'Gerda','Casper','hermiston.edwardo@example.org','00123692180','1988-12-15 00:32:29','2000-11-28 05:56:53'),(70,'Karianne','Wisozk','tristin.wintheiser@example.com','307-107-0159x15249','2012-02-06 04:54:42','2000-10-22 08:43:36'),(71,'Louisa','Feil','shanie.spencer@example.org','(209)795-6378x55413','2006-06-23 08:47:52','2014-05-15 13:42:59'),(72,'Jamar','Schultz','koberbrunner@example.net','(791)248-4789','1978-11-26 06:49:16','1974-10-01 14:36:48'),(73,'Lizzie','Cassin','lelah14@example.com','(974)017-1040x98676','1984-07-10 00:30:56','1973-09-04 02:18:52'),(74,'Burdette','Russel','nicolette.padberg@example.net','(170)725-1819','1973-02-03 06:19:26','2012-07-06 04:45:52'),(75,'Opal','Blick','brandon.grady@example.com','346.123.4487x690','2014-03-31 13:36:10','1986-05-31 12:49:12'),(76,'Kiarra','Spinka','frederic.wiegand@example.org','(006)309-4524x79858','1979-08-12 21:29:20','1972-09-25 07:59:51'),(77,'Brett','Rodriguez','zmayer@example.com','1-281-903-3317','1979-12-20 10:37:52','2011-02-17 18:17:44'),(78,'Janie','Kiehn','mking@example.net','645.003.8634x806','1994-04-06 15:58:52','1979-07-06 09:15:22'),(79,'Lesly','Zieme','goodwin.helga@example.org','1-949-485-8237','1971-07-09 09:42:23','1977-07-31 03:38:32'),(80,'Howell','Greenholt','orion89@example.org','370.708.9901x851','1977-05-10 14:50:32','2008-08-27 17:23:42'),(81,'Arjun','Casper','eileen67@example.org','(508)340-1302x8003','2003-12-22 06:54:21','1994-05-03 09:01:12'),(82,'Shana','Feil','kali.vandervort@example.org','1-365-211-0278x6939','1998-01-09 02:37:36','2011-07-23 06:24:56'),(83,'Tavares','Daniel','dennis.schneider@example.org','(841)153-9452','1984-01-14 14:52:08','2001-11-15 05:37:19'),(84,'Kiarra','Crona','cloyd.kuhlman@example.com','276.758.3993','2000-11-16 01:34:29','1970-08-10 18:07:48'),(85,'Marion','Lubowitz','charity08@example.com','(770)561-6630','2014-08-30 03:37:41','2002-10-17 22:53:20'),(86,'Ara','Padberg','shyann42@example.org','236-474-8475x9255','2001-12-30 22:54:57','1987-05-30 08:59:48'),(87,'Ceasar','Nikolaus','dcormier@example.net','924-854-6318','1981-01-19 03:55:08','1988-05-11 15:56:28'),(88,'Lavada','OKon','king67@example.org','365.103.1575x359','2002-04-28 04:31:01','2010-01-12 18:29:02'),(89,'Christy','Wilderman','ecorkery@example.net','050-527-5025x85170','1988-03-05 05:36:29','2013-08-15 19:11:45'),(90,'Lincoln','Kuhic','robert77@example.org','1-369-133-6364x0582','2020-08-05 12:41:45','1998-11-18 05:10:57'),(91,'Bailey','Hettinger','grimes.celestino@example.com','1-759-623-2656x24395','1988-04-14 18:06:37','1970-10-11 13:06:18'),(92,'Maxie','Erdman','bashirian.luciano@example.net','146.121.6830','1989-02-06 20:30:20','2015-07-31 16:37:34'),(93,'Skyla','Weber','jaime97@example.net','257.360.9638x48752','1997-07-02 00:12:44','2004-08-22 09:37:41'),(94,'Chelsea','Satterfield','bauch.leonel@example.com','636-548-1697','1988-12-10 12:29:24','1971-09-20 16:37:13'),(95,'Anastasia','Frami','gibson.willow@example.org','728.459.3949x33894','2005-08-22 11:49:27','1973-06-21 22:45:55'),(96,'Dameon','Turner','veda.grady@example.net','05709539818','2009-08-22 12:18:27','1979-05-12 16:37:11'),(97,'Estel','Weber','citlalli04@example.com','286-358-7625x53199','1970-06-24 04:47:55','1979-05-30 13:07:56'),(98,'Karl','Simonis','waufderhar@example.org','747.952.1651x7091','1970-08-01 11:53:04','1974-11-08 14:17:40'),(99,'Amie','Weber','vzboncak@example.net','+42(4)3033773005','2007-10-08 15:58:26','2017-02-07 17:47:00'),(100,'Bette','Heller','joany56@example.com','580-035-8450x2768','2016-08-30 12:59:11','1985-06-08 00:26:18');
/*!40000 ALTER TABLE `users` ENABLE KEYS */;
UNLOCK TABLES;
/*!40103 SET TIME_ZONE=@OLD_TIME_ZONE */;

/*!40101 SET SQL_MODE=@OLD_SQL_MODE */;
/*!40014 SET FOREIGN_KEY_CHECKS=@OLD_FOREIGN_KEY_CHECKS */;
/*!40014 SET UNIQUE_CHECKS=@OLD_UNIQUE_CHECKS */;
/*!40101 SET CHARACTER_SET_CLIENT=@OLD_CHARACTER_SET_CLIENT */;
/*!40101 SET CHARACTER_SET_RESULTS=@OLD_CHARACTER_SET_RESULTS */;
/*!40101 SET COLLATION_CONNECTION=@OLD_COLLATION_CONNECTION */;
/*!40111 SET SQL_NOTES=@OLD_SQL_NOTES */;

-- Dump completed on 2021-03-10 12:26:14
